CREATE DATABASE  IF NOT EXISTS `contacts` /*!40100 DEFAULT CHARACTER SET utf8mb4 COLLATE utf8mb4_0900_ai_ci */;
USE `contacts`;
-- MySQL dump 10.13  Distrib 8.0.12, for macos10.13 (x86_64)
--
-- Host: localhost    Database: contacts
-- ------------------------------------------------------
-- Server version	8.0.12

/*!40101 SET @OLD_CHARACTER_SET_CLIENT=@@CHARACTER_SET_CLIENT */;
/*!40101 SET @OLD_CHARACTER_SET_RESULTS=@@CHARACTER_SET_RESULTS */;
/*!40101 SET @OLD_COLLATION_CONNECTION=@@COLLATION_CONNECTION */;
 SET NAMES utf8 ;
/*!40103 SET @OLD_TIME_ZONE=@@TIME_ZONE */;
/*!40103 SET TIME_ZONE='+00:00' */;
/*!40014 SET @OLD_UNIQUE_CHECKS=@@UNIQUE_CHECKS, UNIQUE_CHECKS=0 */;
/*!40014 SET @OLD_FOREIGN_KEY_CHECKS=@@FOREIGN_KEY_CHECKS, FOREIGN_KEY_CHECKS=0 */;
/*!40101 SET @OLD_SQL_MODE=@@SQL_MODE, SQL_MODE='NO_AUTO_VALUE_ON_ZERO' */;
/*!40111 SET @OLD_SQL_NOTES=@@SQL_NOTES, SQL_NOTES=0 */;

--
-- Table structure for table `address`
--

DROP TABLE IF EXISTS `address`;
/*!40101 SET @saved_cs_client     = @@character_set_client */;
 SET character_set_client = utf8mb4 ;
CREATE TABLE `address` (
  `address_id` int(11) NOT NULL AUTO_INCREMENT,
  `contact_id` int(11) NOT NULL,
  `address_type` varchar(25) NOT NULL,
  `address` varchar(256) DEFAULT NULL,
  `city` varchar(128) DEFAULT NULL,
  `state` varchar(128) DEFAULT NULL,
  `zip` varchar(5) DEFAULT NULL,
  PRIMARY KEY (`address_id`),
  KEY `contact_id` (`contact_id`),
  CONSTRAINT `address_ibfk_1` FOREIGN KEY (`contact_id`) REFERENCES `contact` (`contact_id`)
) ENGINE=InnoDB AUTO_INCREMENT=1364 DEFAULT CHARSET=utf8mb4 COLLATE=utf8mb4_0900_ai_ci;
/*!40101 SET character_set_client = @saved_cs_client */;

--
-- Dumping data for table `address`
--

LOCK TABLES `address` WRITE;
/*!40000 ALTER TABLE `address` DISABLE KEYS */;
INSERT INTO `address` VALUES (1,2,'home','2287 Sutteridge Park','Dallas','Texas','75062'),(2,5,'home','62477 Hovde Hill','Allen','Texas','75061'),(3,6,'home','06 Heffernan Center','Richardson','Texas',NULL),(4,8,'home','16515 Nova Hill','Allen','Texas','75041'),(5,9,'home','626 Orin Center','Addison','Texas',NULL),(6,10,'home','6687 Dottie Plaza','Richardson','Texas','75027'),(7,11,'home','8 Luster Terrace','Dallas','Texas','75059'),(8,13,'home','15 Jackson Lane','Allen','Texas','75013'),(9,14,'home','79254 Pond Center','Dallas','Texas','75083'),(10,15,'home','9 Logan Parkway','Dallas','Texas','75078'),(11,16,'home','65052 Heath Point','Plano','Texas','75046'),(12,18,'home','8 Fuller Road','Addison','Texas','75088'),(13,19,'home','1961 Division Hill','Addison','Texas',NULL),(14,22,'home','528 Main Junction','Dallas','Texas','75046'),(15,23,'home','9086 Sommers Crossing','Richardson','Texas',NULL),(16,25,'home','83 Shoshone Parkway','Plano','Texas','75046'),(17,26,'home','333 Scoville Hill','Allen','Texas','75091'),(18,27,'home','18894 Division Lane','Richardson','Texas','75083'),(19,28,'home','250 2nd Drive','Richardson','Texas',NULL),(20,29,'home','85701 Basil Road','Allen','Texas','75004'),(21,30,'home','23 Kings Lane','Plano','Texas','75086'),(22,31,'home','4 Maple Trail','Richardson','Texas',NULL),(23,32,'home','504 Bayside Pass','Dallas','Texas','75060'),(24,34,'home','26 Towne Road','Richardson','Texas','75047'),(25,35,'home','9324 Onsgard Parkway','Dallas','Texas',NULL),(26,36,'home','016 Oak Valley Parkway','Dallas','Texas',NULL),(27,37,'home','660 Truax Way','Dallas','Texas','75037'),(28,38,'home','75903 Linden Circle','Plano','Texas','75045'),(29,39,'home','36 Alpine Drive','Richardson','Texas',NULL),(30,40,'home','6 Muir Circle','Dallas','Texas','75078'),(31,41,'home','5395 Becker Drive','Plano','Texas','75011'),(32,42,'home','4585 Bluestem Avenue','Plano','Texas','75013'),(33,43,'home','9 Orin Alley','Richardson','Texas','75002'),(34,44,'home','9274 Spohn Hill','Dallas','Texas','75041'),(35,45,'home','34 Northfield Plaza','Dallas','Texas','75061'),(36,46,'home','825 Dixon Lane','Dallas','Texas','75030'),(37,49,'home','160 Grasskamp Park','Allen','Texas','75011'),(38,51,'home','3681 Schmedeman Park','Allen','Texas','75010'),(39,52,'home','1330 Thackeray Junction','Plano','Texas','75002'),(40,53,'home','70 Gina Point','Richardson','Texas',NULL),(41,54,'home','0 Golf View Plaza','Dallas','Texas','75095'),(42,55,'home','22839 Stuart Park','Richardson','Texas','75074'),(43,56,'home','92 Elmside Way','Plano','Texas',NULL),(44,57,'home','589 Mccormick Parkway','Dallas','Texas','75067'),(45,58,'home','56378 Talisman Drive','Allen','Texas','75032'),(46,59,'home','99570 Bayside Parkway','Allen','Texas',NULL),(47,60,'home','99687 Jenna Circle','Richardson','Texas','75016'),(48,61,'home','9028 Carberry Avenue','Addison','Texas','75011'),(49,62,'home','55 Del Mar Hill','Allen','Texas','75017'),(50,65,'home','72772 Northfield Way','Dallas','Texas','75002'),(51,66,'home','11 Donald Plaza','Allen','Texas','75048'),(52,67,'home','67412 Sundown Parkway','Addison','Texas',NULL),(53,68,'home','3 Moulton Junction','Addison','Texas','75049'),(54,69,'home','434 Farwell Plaza','Plano','Texas','75059'),(55,70,'home','08 Fremont Road','Allen','Texas','75048'),(56,71,'home','1251 Graceland Point','Dallas','Texas','75051'),(57,73,'home','86545 Tennyson Crossing','Richardson','Texas','75064'),(58,74,'home','1430 Linden Way','Addison','Texas','75040'),(59,75,'home','2268 Nancy Lane','Richardson','Texas','75081'),(60,77,'home','840 Kingsford Parkway','Richardson','Texas','75073'),(61,78,'home','4 Sunbrook Avenue','Addison','Texas','75067'),(62,79,'home','8735 Bultman Circle','Dallas','Texas','75094'),(63,80,'home','65183 Delladonna Avenue','Allen','Texas','75079'),(64,81,'home','89640 Cody Terrace','Richardson','Texas',NULL),(65,82,'home','12 Butternut Terrace','Richardson','Texas','75006'),(66,83,'home','204 Farwell Avenue','Plano','Texas','75074'),(67,84,'home','1 Anhalt Junction','Dallas','Texas',NULL),(68,85,'home','933 Debra Terrace','Allen','Texas','75021'),(69,86,'home','4265 Mayer Junction','Plano','Texas','75053'),(70,87,'home','46 Oakridge Avenue','Richardson','Texas','75059'),(71,88,'home','71 Jay Terrace','Plano','Texas','75055'),(72,89,'home','598 Elmside Drive','Dallas','Texas','75067'),(73,91,'home','421 8th Drive','Addison','Texas','75004'),(74,93,'home','27 Talmadge Park','Plano','Texas','75034'),(75,94,'home','801 Pleasure Trail','Addison','Texas','75057'),(76,95,'home','2449 Pepper Wood Court','Plano','Texas','75055'),(77,96,'home','79761 Carioca Point','Allen','Texas',NULL),(78,99,'home','27015 Nelson Parkway','Richardson','Texas',NULL),(79,100,'home','470 Derek Plaza','Richardson','Texas','75013'),(80,101,'home','622 Iowa Terrace','Allen','Texas','75086'),(81,103,'home','8 Colorado Alley','Dallas','Texas','75094'),(82,104,'home','4 Dwight Court','Richardson','Texas','75072'),(83,105,'home','7 Sugar Parkway','Richardson','Texas','75014'),(84,106,'home','5221 Pearson Parkway','Addison','Texas',NULL),(85,107,'home','80 Welch Street','Allen','Texas','75061'),(86,108,'home','3 Derek Alley','Richardson','Texas',NULL),(87,110,'home','1409 Loftsgordon Alley','Plano','Texas','75003'),(88,111,'home','3188 Fieldstone Circle','Plano','Texas','75072'),(89,114,'home','86 Welch Parkway','Allen','Texas',NULL),(90,115,'home','210 Victoria Hill','Allen','Texas',NULL),(91,117,'home','19886 Pine View Terrace','Addison','Texas','75056'),(92,118,'home','24 Welch Avenue','Plano','Texas','75031'),(93,119,'home','0 Karstens Way','Allen','Texas','75088'),(94,120,'home','8101 Jenna Court','Dallas','Texas','75085'),(95,121,'home','24 Doe Crossing Court','Dallas','Texas','75028'),(96,122,'home','79 Buena Vista Drive','Allen','Texas',NULL),(97,123,'home','82883 Ohio Junction','Plano','Texas',NULL),(98,124,'home','7595 Rusk Crossing','Dallas','Texas','75097'),(99,125,'home','4 Elmside Park','Addison','Texas',NULL),(100,126,'home','67 Corscot Drive','Plano','Texas','75098'),(101,127,'home','4 Heath Parkway','Addison','Texas','75005'),(102,128,'home','202 Pankratz Terrace','Addison','Texas','75007'),(103,130,'home','1652 Rowland Plaza','Addison','Texas','75064'),(104,131,'home','84 Sommers Plaza','Addison','Texas','75004'),(105,132,'home','97 Cardinal Road','Dallas','Texas','75027'),(106,133,'home','54 Lakewood Drive','Richardson','Texas','75063'),(107,136,'home','3 Gulseth Alley','Addison','Texas','75052'),(108,138,'home','207 Fulton Avenue','Dallas','Texas','75094'),(109,139,'home','28 Hollow Ridge Lane','Plano','Texas','75068'),(110,140,'home','37 Hauk Avenue','Dallas','Texas','75098'),(111,141,'home','137 Moose Circle','Plano','Texas','75026'),(112,142,'home','63832 Shasta Crossing','Plano','Texas','75044'),(113,144,'home','38977 Karstens Lane','Allen','Texas',NULL),(114,145,'home','6 Browning Point','Plano','Texas','75097'),(115,146,'home','3785 Heath Pass','Dallas','Texas','75005'),(116,147,'home','8406 Golf Course Trail','Allen','Texas','75033'),(117,148,'home','2 Truax Trail','Addison','Texas','75071'),(118,150,'home','7 Scott Place','Plano','Texas',NULL),(119,152,'home','299 Golf View Way','Allen','Texas','75085'),(120,153,'home','003 Morrow Crossing','Allen','Texas','75049'),(121,155,'home','679 Pankratz Lane','Addison','Texas','75052'),(122,156,'home','272 Farmco Lane','Addison','Texas','75003'),(123,157,'home','3229 Huxley Hill','Richardson','Texas','75091'),(124,159,'home','168 Eagan Road','Allen','Texas','75018'),(125,160,'home','3037 Center Crossing','Plano','Texas','75043'),(126,161,'home','7 Vermont Terrace','Allen','Texas',NULL),(127,162,'home','90 Elmside Hill','Richardson','Texas','75010'),(128,164,'home','9547 Michigan Lane','Addison','Texas','75054'),(129,165,'home','38 Mallard Place','Richardson','Texas','75038'),(130,166,'home','2873 Rusk Crossing','Allen','Texas','75040'),(131,167,'home','9976 Mccormick Terrace','Allen','Texas',NULL),(132,168,'home','66 Hallows Trail','Allen','Texas',NULL),(133,171,'home','13 Cascade Crossing','Plano','Texas',NULL),(134,172,'home','48833 Atwood Alley','Addison','Texas','75001'),(135,173,'home','21 Canary Park','Plano','Texas','75018'),(136,175,'home','6235 Longview Pass','Plano','Texas',NULL),(137,178,'home','7224 Daystar Pass','Allen','Texas',NULL),(138,179,'home','35825 Maple Alley','Richardson','Texas','75001'),(139,180,'home','2 Sunfield Street','Plano','Texas','75064'),(140,181,'home','9 Vahlen Drive','Richardson','Texas','75081'),(141,182,'home','2031 School Trail','Addison','Texas',NULL),(142,183,'home','25234 Transport Drive','Plano','Texas',NULL),(143,184,'home','2 Nova Point','Addison','Texas','75095'),(144,185,'home','1 Kropf Circle','Addison','Texas',NULL),(145,186,'home','68 Cherokee Way','Addison','Texas','75061'),(146,187,'home','1 Kenwood Road','Richardson','Texas','75064'),(147,188,'home','281 Waxwing Point','Richardson','Texas','75080'),(148,190,'home','1 Jay Parkway','Plano','Texas',NULL),(149,191,'home','4 Kinsman Junction','Plano','Texas','75013'),(150,192,'home','3 Karstens Park','Dallas','Texas','75058'),(151,193,'home','3396 Claremont Trail','Allen','Texas','75018'),(152,194,'home','04546 Tennyson Alley','Plano','Texas','75027'),(153,195,'home','4 Bunting Plaza','Addison','Texas','75085'),(154,196,'home','7069 Victoria Court','Allen','Texas',NULL),(155,197,'home','3774 Shoshone Hill','Addison','Texas','75062'),(156,199,'home','48 Tony Parkway','Plano','Texas','75083'),(157,200,'home','8 Twin Pines Lane','Richardson','Texas','75032'),(158,201,'home','90 Lakeland Pass','Richardson','Texas',NULL),(159,202,'home','091 Old Shore Plaza','Richardson','Texas','75014'),(160,203,'home','8 Sheridan Point','Allen','Texas',NULL),(161,205,'home','41 Lakewood Terrace','Allen','Texas',NULL),(162,207,'home','6247 Macpherson Way','Addison','Texas','75061'),(163,208,'home','3 Buell Avenue','Addison','Texas',NULL),(164,209,'home','054 Mccormick Court','Richardson','Texas','75045'),(165,210,'home','83 Esch Road','Plano','Texas','75048'),(166,211,'home','85937 Burrows Pass','Addison','Texas',NULL),(167,212,'home','0 Stuart Road','Dallas','Texas',NULL),(168,216,'home','430 Hudson Hill','Allen','Texas','75077'),(169,218,'home','5303 Stoughton Circle','Allen','Texas','75012'),(170,219,'home','2250 Bunting Point','Addison','Texas','75061'),(171,220,'home','86414 Gateway Alley','Plano','Texas','75082'),(172,221,'home','7 Hagan Parkway','Richardson','Texas',NULL),(173,222,'home','27 Hovde Place','Addison','Texas',NULL),(174,223,'home','88997 Summit Plaza','Addison','Texas',NULL),(175,225,'home','51 Dexter Drive','Dallas','Texas','75032'),(176,227,'home','812 Hermina Road','Richardson','Texas','75046'),(177,228,'home','267 Russell Park','Addison','Texas',NULL),(178,229,'home','50 Gale Pass','Plano','Texas',NULL),(179,230,'home','44995 Johnson Court','Allen','Texas','75003'),(180,231,'home','3 Village Green Parkway','Addison','Texas','75023'),(181,233,'home','0 Rockefeller Hill','Dallas','Texas',NULL),(182,235,'home','6 Valley Edge Hill','Addison','Texas','75025'),(183,236,'home','390 Kenwood Hill','Richardson','Texas','75023'),(184,238,'home','13429 Northport Circle','Richardson','Texas','75051'),(185,239,'home','90 Canary Crossing','Richardson','Texas',NULL),(186,240,'home','3595 Huxley Way','Addison','Texas','75052'),(187,241,'home','67573 Judy Junction','Allen','Texas',NULL),(188,242,'home','50 Sycamore Plaza','Addison','Texas','75030'),(189,243,'home','762 Roxbury Alley','Allen','Texas','75046'),(190,244,'home','33 Hintze Center','Richardson','Texas','75089'),(191,245,'home','16 Knutson Pass','Allen','Texas',NULL),(192,248,'home','5357 7th Road','Addison','Texas',NULL),(193,250,'home','5 Jana Alley','Richardson','Texas','75063'),(194,251,'home','57366 Hayes Pass','Addison','Texas','75065'),(195,252,'home','07 Kenwood Plaza','Allen','Texas','75014'),(196,253,'home','830 Mccormick Drive','Plano','Texas','75012'),(197,254,'home','440 Harper Parkway','Addison','Texas','75095'),(198,255,'home','6821 8th Pass','Dallas','Texas',NULL),(199,256,'home','8067 Bayside Parkway','Plano','Texas',NULL),(200,257,'home','42330 Hooker Parkway','Allen','Texas','75073'),(201,259,'home','27 Lotheville Road','Dallas','Texas',NULL),(202,260,'home','81 Talisman Point','Allen','Texas','75010'),(203,261,'home','0 Oakridge Center','Plano','Texas',NULL),(204,262,'home','9113 Dakota Crossing','Richardson','Texas','75083'),(205,263,'home','94 Forest Park','Dallas','Texas',NULL),(206,265,'home','4553 Moulton Center','Richardson','Texas',NULL),(207,266,'home','87 Warrior Center','Allen','Texas',NULL),(208,269,'home','1222 Pond Drive','Richardson','Texas','75006'),(209,271,'home','31 Summer Ridge Street','Dallas','Texas',NULL),(210,272,'home','5 Hanover Crossing','Dallas','Texas','75066'),(211,273,'home','9 Melrose Street','Plano','Texas','75008'),(212,275,'home','8359 Columbus Circle','Plano','Texas','75092'),(213,276,'home','72920 Ruskin Trail','Dallas','Texas','75029'),(214,277,'home','40 Garrison Circle','Allen','Texas','75015'),(215,278,'home','1 Spohn Lane','Plano','Texas','75028'),(216,279,'home','37 Rusk Place','Addison','Texas','75071'),(217,281,'home','2 Hanson Point','Addison','Texas','75083'),(218,282,'home','96 Acker Way','Allen','Texas',NULL),(219,283,'home','328 Farragut Circle','Richardson','Texas','75031'),(220,284,'home','2194 Messerschmidt Lane','Richardson','Texas','75001'),(221,285,'home','1 Monterey Point','Dallas','Texas','75055'),(222,286,'home','5547 Mallard Park','Allen','Texas','75027'),(223,287,'home','3 Menomonie Court','Plano','Texas','75050'),(224,288,'home','82 Duke Street','Allen','Texas','75090'),(225,292,'home','808 Merry Avenue','Dallas','Texas','75047'),(226,293,'home','36365 Esch Road','Dallas','Texas',NULL),(227,294,'home','75 Red Cloud Trail','Richardson','Texas',NULL),(228,295,'home','1174 Sullivan Avenue','Allen','Texas','75040'),(229,296,'home','1 Grasskamp Park','Dallas','Texas',NULL),(230,298,'home','2317 Annamark Alley','Dallas','Texas',NULL),(231,299,'home','37 Sachtjen Center','Plano','Texas','75021'),(232,300,'home','58 Redwing Court','Plano','Texas','75097'),(233,301,'home','632 Graedel Place','Addison','Texas',NULL),(234,302,'home','37 Mayer Way','Plano','Texas',NULL),(235,303,'home','563 Mockingbird Point','Richardson','Texas','75035'),(236,304,'home','03 Tomscot Circle','Plano','Texas','75030'),(237,307,'home','26 Erie Hill','Richardson','Texas','75075'),(238,309,'home','5 Nobel Avenue','Addison','Texas',NULL),(239,310,'home','9940 Dunning Parkway','Addison','Texas',NULL),(240,311,'home','5598 Waxwing Crossing','Richardson','Texas','75029'),(241,312,'home','3 Bayside Way','Richardson','Texas','75010'),(242,313,'home','271 Bowman Way','Plano','Texas','75027'),(243,314,'home','2953 Scoville Drive','Addison','Texas',NULL),(244,315,'home','35 Caliangt Terrace','Addison','Texas','75082'),(245,316,'home','83 Nova Park','Plano','Texas',NULL),(246,317,'home','597 Schmedeman Point','Dallas','Texas',NULL),(247,318,'home','8232 Chive Point','Plano','Texas','75042'),(248,319,'home','8 Packers Lane','Plano','Texas',NULL),(249,320,'home','07066 Monica Center','Richardson','Texas',NULL),(250,323,'home','318 Moose Trail','Richardson','Texas','75076'),(251,324,'home','38654 Novick Point','Plano','Texas',NULL),(252,326,'home','45 Miller Trail','Plano','Texas','75042'),(253,327,'home','8 Forest Dale Way','Plano','Texas','75051'),(254,328,'home','087 Duke Pass','Dallas','Texas','75005'),(255,329,'home','811 Petterle Park','Addison','Texas',NULL),(256,330,'home','2737 School Avenue','Richardson','Texas','75061'),(257,331,'home','1 Chive Junction','Dallas','Texas','75063'),(258,332,'home','2 Randy Way','Addison','Texas','75076'),(259,333,'home','318 Canary Place','Richardson','Texas','75016'),(260,334,'home','474 Weeping Birch Park','Dallas','Texas','75048'),(261,335,'home','5762 Toban Alley','Addison','Texas','75048'),(262,336,'home','944 Porter Crossing','Addison','Texas','75041'),(263,337,'home','2960 Myrtle Drive','Plano','Texas','75008'),(264,338,'home','1 Sachs Way','Addison','Texas',NULL),(265,339,'home','53 Hermina Plaza','Richardson','Texas','75015'),(266,340,'home','01 Fieldstone Terrace','Addison','Texas','75021'),(267,341,'home','19 Forest Dale Pass','Plano','Texas',NULL),(268,342,'home','9 Schlimgen Trail','Allen','Texas',NULL),(269,343,'home','79 Onsgard Drive','Plano','Texas',NULL),(270,344,'home','4899 Fremont Way','Addison','Texas',NULL),(271,345,'home','8733 Aberg Crossing','Addison','Texas','75054'),(272,346,'home','0 Green Drive','Dallas','Texas',NULL),(273,347,'home','52 Morningstar Road','Plano','Texas','75043'),(274,348,'home','0 Brickson Park Place','Plano','Texas','75009'),(275,349,'home','5930 Clarendon Point','Allen','Texas',NULL),(276,350,'home','3852 Fallview Pass','Richardson','Texas','75034'),(277,352,'home','4 Independence Hill','Plano','Texas','75048'),(278,353,'home','9 Lighthouse Bay Court','Allen','Texas','75031'),(279,354,'home','1 Namekagon Hill','Allen','Texas',NULL),(280,356,'home','4 Havey Hill','Allen','Texas','75085'),(281,358,'home','6 Crescent Oaks Parkway','Addison','Texas','75035'),(282,359,'home','95 Mallory Point','Plano','Texas',NULL),(283,360,'home','1131 Marquette Parkway','Richardson','Texas','75031'),(284,361,'home','988 Vernon Avenue','Plano','Texas','75086'),(285,362,'home','36 Nova Junction','Addison','Texas','75061'),(286,363,'home','029 Derek Crossing','Allen','Texas','75060'),(287,365,'home','85 Mandrake Street','Allen','Texas',NULL),(288,366,'home','53 Thierer Junction','Dallas','Texas','75010'),(289,368,'home','12 Springs Drive','Allen','Texas','75089'),(290,369,'home','1 Hovde Pass','Addison','Texas','75040'),(291,370,'home','620 West Drive','Addison','Texas','75073'),(292,371,'home','463 5th Junction','Addison','Texas','75020'),(293,372,'home','02 Northport Park','Richardson','Texas','75077'),(294,373,'home','0 Truax Park','Plano','Texas','75033'),(295,374,'home','778 Carey Avenue','Addison','Texas','75025'),(296,375,'home','4510 Southridge Circle','Allen','Texas','75050'),(297,377,'home','9322 Armistice Park','Plano','Texas','75032'),(298,378,'home','98252 Manufacturers Parkway','Allen','Texas','75092'),(299,379,'home','6694 Columbus Plaza','Richardson','Texas','75004'),(300,381,'home','47 Dakota Parkway','Dallas','Texas','75091'),(301,382,'home','7986 Fallview Point','Richardson','Texas','75057'),(302,384,'home','66 Sunbrook Hill','Richardson','Texas','75049'),(303,385,'home','09 Farragut Way','Dallas','Texas','75003'),(304,386,'home','86112 Michigan Alley','Plano','Texas','75017'),(305,388,'home','1 Continental Crossing','Dallas','Texas','75087'),(306,389,'home','5 Sunfield Trail','Plano','Texas','75018'),(307,390,'home','21338 Jenna Center','Plano','Texas',NULL),(308,391,'home','4216 Ridgeview Way','Plano','Texas','75093'),(309,393,'home','7260 Hudson Street','Richardson','Texas',NULL),(310,394,'home','11738 Harbort Road','Allen','Texas','75003'),(311,395,'home','44 Harbort Alley','Richardson','Texas','75088'),(312,396,'home','83453 Clemons Junction','Allen','Texas',NULL),(313,397,'home','81 Lillian Crossing','Plano','Texas','75084'),(314,398,'home','928 Karstens Place','Dallas','Texas',NULL),(315,399,'home','88 Anderson Trail','Dallas','Texas','75035'),(316,400,'home','413 Grasskamp Terrace','Richardson','Texas','75003'),(317,401,'home','7996 Oak Valley Circle','Plano','Texas','75019'),(318,402,'home','108 Pepper Wood Alley','Dallas','Texas','75089'),(319,403,'home','4991 Dapin Crossing','Richardson','Texas','75034'),(320,404,'home','1 Ludington Circle','Richardson','Texas',NULL),(321,405,'home','084 Thackeray Trail','Richardson','Texas',NULL),(322,406,'home','77379 Hermina Lane','Plano','Texas','75085'),(323,408,'home','1 Superior Park','Dallas','Texas','75037'),(324,409,'home','45 Summit Trail','Dallas','Texas','75037'),(325,411,'home','5 Debs Park','Allen','Texas','75068'),(326,412,'home','2 Ridgeway Drive','Allen','Texas','75003'),(327,413,'home','978 Buell Circle','Richardson','Texas',NULL),(328,414,'home','696 Esch Way','Addison','Texas','75001'),(329,415,'home','0 Express Pass','Addison','Texas',NULL),(330,416,'home','9165 Colorado Way','Richardson','Texas','75036'),(331,418,'home','8831 Waxwing Point','Addison','Texas','75012'),(332,419,'home','25 Straubel Lane','Allen','Texas','75077'),(333,420,'home','5 Melvin Drive','Richardson','Texas','75038'),(334,421,'home','6367 Annamark Junction','Plano','Texas','75024'),(335,423,'home','77 Dakota Alley','Allen','Texas','75001'),(336,424,'home','828 Shoshone Drive','Plano','Texas',NULL),(337,425,'home','57306 Westridge Junction','Plano','Texas',NULL),(338,427,'home','43 Tennessee Park','Dallas','Texas','75054'),(339,428,'home','333 Montana Avenue','Richardson','Texas',NULL),(340,429,'home','03062 Express Crossing','Richardson','Texas',NULL),(341,432,'home','570 Prairie Rose Terrace','Richardson','Texas','75011'),(342,433,'home','50463 Novick Road','Richardson','Texas',NULL),(343,434,'home','1703 Portage Place','Plano','Texas','75096'),(344,435,'home','66 Service Pass','Dallas','Texas','75069'),(345,436,'home','15 Marquette Center','Allen','Texas',NULL),(346,437,'home','1152 Basil Crossing','Plano','Texas','75024'),(347,438,'home','00 Aberg Trail','Dallas','Texas',NULL),(348,439,'home','97897 Nevada Place','Richardson','Texas',NULL),(349,440,'home','86669 Kings Court','Addison','Texas',NULL),(350,441,'home','639 Del Mar Plaza','Dallas','Texas','75091'),(351,442,'home','28 Kipling Pass','Addison','Texas',NULL),(352,443,'home','6 Aberg Hill','Allen','Texas','75042'),(353,444,'home','39881 Vidon Center','Richardson','Texas','75098'),(354,445,'home','29509 Calypso Circle','Plano','Texas','75098'),(355,446,'home','49285 Huxley Park','Richardson','Texas','75039'),(356,447,'home','3990 Lakeland Plaza','Dallas','Texas','75090'),(357,448,'home','3757 Truax Park','Richardson','Texas',NULL),(358,450,'home','18975 Harbort Hill','Dallas','Texas','75004'),(359,451,'home','47751 Red Cloud Street','Dallas','Texas','75013'),(360,452,'home','648 Hooker Junction','Dallas','Texas','75061'),(361,453,'home','60302 Longview Way','Richardson','Texas','75004'),(362,454,'home','834 Manitowish Center','Addison','Texas',NULL),(363,455,'home','3 Onsgard Plaza','Addison','Texas','75005'),(364,456,'home','0 Larry Way','Allen','Texas','75060'),(365,457,'home','370 Longview Hill','Allen','Texas','75005'),(366,458,'home','90777 Northwestern Street','Addison','Texas',NULL),(367,459,'home','72116 Rockefeller Street','Allen','Texas','75097'),(368,460,'home','71 Loftsgordon Hill','Dallas','Texas',NULL),(369,461,'home','4574 Sachs Street','Allen','Texas',NULL),(370,462,'home','472 Merchant Street','Allen','Texas',NULL),(371,463,'home','3912 Riverside Circle','Richardson','Texas','75039'),(372,464,'home','79872 Roth Way','Plano','Texas','75082'),(373,465,'home','34 Dexter Drive','Plano','Texas','75044'),(374,466,'home','212 School Hill','Plano','Texas','75093'),(375,468,'home','2 Kinsman Avenue','Allen','Texas',NULL),(376,469,'home','887 Mockingbird Park','Richardson','Texas','75011'),(377,471,'home','1 Havey Hill','Plano','Texas',NULL),(378,473,'home','4106 Dapin Court','Dallas','Texas','75003'),(379,475,'home','135 Mariners Cove Parkway','Richardson','Texas','75038'),(380,476,'home','60 Graedel Plaza','Dallas','Texas',NULL),(381,479,'home','51 High Crossing Street','Allen','Texas','75002'),(382,480,'home','8142 Mccormick Pass','Dallas','Texas','75083'),(383,481,'home','5652 Pierstorff Road','Plano','Texas',NULL),(384,482,'home','5 Graceland Place','Allen','Texas',NULL),(385,483,'home','33 Bluestem Center','Addison','Texas',NULL),(386,484,'home','78 Caliangt Way','Plano','Texas','75005'),(387,485,'home','114 La Follette Crossing','Addison','Texas','75077'),(388,486,'home','74197 Mcguire Avenue','Addison','Texas','75061'),(389,488,'home','65 Tony Way','Plano','Texas','75020'),(390,489,'home','26 Riverside Drive','Plano','Texas','75065'),(391,491,'home','1775 Columbus Place','Addison','Texas','75054'),(392,494,'home','289 Russell Pass','Plano','Texas','75063'),(393,495,'home','3 Maple Wood Plaza','Dallas','Texas','75017'),(394,496,'home','1 Stone Corner Terrace','Allen','Texas',NULL),(395,497,'home','259 Fairview Center','Plano','Texas','75090'),(396,498,'home','1 Gulseth Center','Allen','Texas','75057'),(397,499,'home','86658 Merchant Parkway','Richardson','Texas',NULL),(398,500,'home','036 Pleasure Parkway','Addison','Texas','75039'),(399,501,'home','41 Emmet Point','Allen','Texas','75085'),(400,503,'home','8 Morning Lane','Plano','Texas',NULL),(401,505,'home','1 Graceland Center','Addison','Texas',NULL),(402,506,'home','3 Chinook Junction','Addison','Texas','75021'),(403,507,'home','28 Melvin Court','Allen','Texas','75092'),(404,508,'home','546 Arapahoe Alley','Allen','Texas','75041'),(405,509,'home','2 Mandrake Lane','Addison','Texas',NULL),(406,511,'home','1160 Waubesa Court','Addison','Texas','75080'),(407,512,'home','74 Grim Center','Addison','Texas','75047'),(408,513,'home','3 Straubel Trail','Addison','Texas','75022'),(409,514,'home','09144 Waxwing Parkway','Plano','Texas','75080'),(410,515,'home','4 Golf View Street','Richardson','Texas','75049'),(411,517,'home','6133 Blaine Plaza','Plano','Texas',NULL),(412,518,'home','55 Utah Way','Dallas','Texas',NULL),(413,519,'home','30380 Melvin Terrace','Addison','Texas','75047'),(414,521,'home','443 Gale Avenue','Dallas','Texas',NULL),(415,522,'home','57436 Merrick Lane','Dallas','Texas','75065'),(416,523,'home','64231 Green Ridge Parkway','Dallas','Texas','75018'),(417,524,'home','58 Northview Drive','Allen','Texas','75032'),(418,525,'home','26 Stuart Road','Plano','Texas','75050'),(419,526,'home','0 Crowley Circle','Allen','Texas','75052'),(420,527,'home','3896 Columbus Parkway','Addison','Texas','75010'),(421,528,'home','25867 Florence Avenue','Allen','Texas',NULL),(422,529,'home','018 Muir Circle','Plano','Texas',NULL),(423,530,'home','23 Sullivan Alley','Addison','Texas',NULL),(424,531,'home','3392 Sherman Circle','Richardson','Texas',NULL),(425,532,'home','217 Dayton Road','Plano','Texas','75089'),(426,533,'home','6537 Colorado Hill','Plano','Texas','75087'),(427,535,'home','6 Carpenter Pass','Allen','Texas','75001'),(428,536,'home','837 Westridge Lane','Allen','Texas','75079'),(429,537,'home','114 Mitchell Terrace','Addison','Texas',NULL),(430,538,'home','344 Glacier Hill Point','Addison','Texas',NULL),(431,539,'home','23 Blackbird Alley','Plano','Texas','75091'),(432,540,'home','5 Merry Terrace','Richardson','Texas','75081'),(433,541,'home','149 Talisman Court','Plano','Texas',NULL),(434,542,'home','516 Stoughton Plaza','Allen','Texas','75093'),(435,543,'home','0179 Kensington Trail','Dallas','Texas','75087'),(436,544,'home','1086 Ludington Pass','Addison','Texas','75040'),(437,545,'home','11388 Reinke Way','Addison','Texas','75052'),(438,546,'home','68 Laurel Plaza','Allen','Texas','75079'),(439,547,'home','05232 Knutson Pass','Richardson','Texas','75059'),(440,548,'home','3722 Summit Junction','Richardson','Texas',NULL),(441,549,'home','6830 Lake View Hill','Allen','Texas',NULL),(442,550,'home','963 Cottonwood Junction','Allen','Texas',NULL),(443,551,'home','7 Comanche Plaza','Richardson','Texas','75006'),(444,552,'home','73097 Autumn Leaf Street','Addison','Texas',NULL),(445,553,'home','6 Waywood Drive','Addison','Texas',NULL),(446,555,'home','70 Brown Place','Dallas','Texas',NULL),(447,557,'home','1 Mallard Trail','Addison','Texas','75078'),(448,558,'home','0848 Bluestem Hill','Dallas','Texas',NULL),(449,559,'home','75026 Straubel Lane','Allen','Texas',NULL),(450,561,'home','502 Dawn Center','Addison','Texas','75095'),(451,563,'home','9 Dorton Hill','Addison','Texas','75025'),(452,564,'home','3 Pierstorff Lane','Dallas','Texas',NULL),(453,565,'home','5 Old Shore Way','Dallas','Texas','75094'),(454,566,'home','6 Gale Point','Richardson','Texas',NULL),(455,567,'home','0273 Fairview Way','Addison','Texas',NULL),(456,568,'home','49356 Anhalt Court','Dallas','Texas','75016'),(457,569,'home','0187 Beilfuss Crossing','Allen','Texas','75026'),(458,570,'home','952 Browning Junction','Allen','Texas','75025'),(459,571,'home','59 Buell Park','Richardson','Texas','75062'),(460,574,'home','45444 Sutherland Trail','Dallas','Texas','75091'),(461,575,'home','2457 Fuller Court','Richardson','Texas',NULL),(462,576,'home','723 Bayside Alley','Richardson','Texas','75013'),(463,577,'home','9494 3rd Parkway','Addison','Texas','75043'),(464,578,'home','689 Maywood Trail','Dallas','Texas',NULL),(465,579,'home','7839 Carioca Drive','Allen','Texas','75091'),(466,580,'home','8 Rockefeller Drive','Plano','Texas','75021'),(467,581,'home','44630 Elgar Avenue','Allen','Texas','75062'),(468,582,'home','680 Meadow Vale Parkway','Richardson','Texas','75034'),(469,583,'home','120 Tony Center','Addison','Texas','75029'),(470,584,'home','92383 North Crossing','Addison','Texas',NULL),(471,585,'home','28 Cottonwood Circle','Addison','Texas','75091'),(472,586,'home','66 Charing Cross Trail','Plano','Texas','75092'),(473,587,'home','9 Warrior Plaza','Plano','Texas','75008'),(474,589,'home','00220 Manufacturers Road','Dallas','Texas',NULL),(475,594,'home','465 Rigney Way','Allen','Texas','75051'),(476,596,'home','89 Kenwood Trail','Addison','Texas','75095'),(477,597,'home','3 Mcguire Circle','Plano','Texas',NULL),(478,598,'home','57438 Arrowood Alley','Dallas','Texas','75070'),(479,599,'home','810 Carberry Place','Dallas','Texas','75082'),(480,600,'home','25433 Sauthoff Place','Allen','Texas','75024'),(481,601,'home','9 Hoepker Parkway','Plano','Texas','75003'),(482,606,'home','32742 Fieldstone Plaza','Allen','Texas','75051'),(483,607,'home','509 Cherokee Circle','Dallas','Texas','75014'),(484,608,'home','04 Randy Circle','Allen','Texas','75078'),(485,609,'home','59 Talisman Road','Allen','Texas','75019'),(486,610,'home','43 Macpherson Terrace','Richardson','Texas','75098'),(487,612,'home','188 Summerview Way','Plano','Texas',NULL),(488,613,'home','0327 Monica Avenue','Addison','Texas','75009'),(489,614,'home','72 Macpherson Avenue','Plano','Texas','75021'),(490,615,'home','26807 Bayside Point','Allen','Texas','75050'),(491,616,'home','877 Fairview Road','Allen','Texas','75071'),(492,617,'home','51 Almo Circle','Allen','Texas','75082'),(493,618,'home','390 Garrison Place','Addison','Texas','75096'),(494,620,'home','22191 Declaration Plaza','Allen','Texas','75076'),(495,621,'home','09440 Oak Junction','Richardson','Texas',NULL),(496,623,'home','417 Lighthouse Bay Lane','Plano','Texas','75051'),(497,624,'home','26 Gale Street','Richardson','Texas',NULL),(498,625,'home','67 Cottonwood Plaza','Richardson','Texas','75091'),(499,627,'home','0236 Memorial Park','Plano','Texas','75048'),(500,629,'home','7 5th Place','Plano','Texas',NULL),(501,630,'home','2 High Crossing Way','Richardson','Texas',NULL),(502,632,'home','1 Blackbird Pass','Allen','Texas','75032'),(503,633,'home','6 Anzinger Street','Plano','Texas','75027'),(504,634,'home','15 Maywood Center','Addison','Texas','75084'),(505,635,'home','9716 Michigan Plaza','Allen','Texas',NULL),(506,636,'home','28 Iowa Crossing','Addison','Texas',NULL),(507,637,'home','5 Reinke Center','Addison','Texas','75044'),(508,639,'home','4090 Loeprich Place','Addison','Texas','75036'),(509,640,'home','88 Harbort Alley','Addison','Texas',NULL),(510,641,'home','981 Rockefeller Crossing','Plano','Texas','75072'),(511,642,'home','8 Calypso Drive','Richardson','Texas','75019'),(512,643,'home','3 Memorial Terrace','Dallas','Texas','75023'),(513,645,'home','8240 Dexter Avenue','Plano','Texas','75083'),(514,646,'home','478 Birchwood Court','Plano','Texas','75045'),(515,647,'home','07 North Way','Richardson','Texas',NULL),(516,648,'home','5285 Moose Alley','Allen','Texas',NULL),(517,649,'home','9 Stephen Way','Richardson','Texas','75029'),(518,650,'home','3 Jana Avenue','Allen','Texas','75012'),(519,651,'home','65148 Marcy Center','Dallas','Texas','75021'),(520,652,'home','0859 Elmside Point','Dallas','Texas','75096'),(521,654,'home','677 Fordem Court','Allen','Texas','75066'),(523,658,'home','33 Farwell Junction','Allen','Texas','75056'),(524,659,'home','80253 Gulseth Circle','Richardson','Texas','75094'),(525,660,'home','48665 Eastwood Drive','Addison','Texas','75039'),(526,661,'home','14 4th Road','Allen','Texas',NULL),(527,662,'home','0 Kinsman Plaza','Richardson','Texas','75036'),(528,663,'home','02 Onsgard Drive','Richardson','Texas',NULL),(529,665,'home','72 Tennessee Park','Allen','Texas','75039'),(530,666,'home','958 Prairieview Court','Allen','Texas',NULL),(531,667,'home','2674 Monument Crossing','Allen','Texas','75087'),(532,668,'home','801 Stephen Point','Richardson','Texas',NULL),(533,669,'home','6141 Summit Crossing','Addison','Texas',NULL),(534,670,'home','855 Ramsey Lane','Plano','Texas','75007'),(535,672,'home','2857 Weeping Birch Center','Plano','Texas','75020'),(536,673,'home','692 Atwood Drive','Richardson','Texas',NULL),(537,674,'home','5 Claremont Junction','Allen','Texas','75043'),(538,675,'home','436 Fremont Circle','Allen','Texas','75052'),(539,676,'home','65146 Summer Ridge Crossing','Plano','Texas',NULL),(540,677,'home','1766 Mifflin Court','Dallas','Texas','75068'),(541,678,'home','3133 Swallow Circle','Addison','Texas','75057'),(542,679,'home','219 Oxford Street','Allen','Texas','75080'),(543,680,'home','0 Daystar Avenue','Richardson','Texas',NULL),(544,683,'home','3325 Bartelt Place','Plano','Texas','75011'),(545,684,'home','21 Brickson Park Plaza','Allen','Texas',NULL),(546,687,'home','97 Hooker Point','Richardson','Texas',NULL),(547,689,'home','10220 Golden Leaf Lane','Richardson','Texas','75057'),(548,690,'home','7746 Sommers Circle','Richardson','Texas',NULL),(549,691,'home','6417 Mccormick Lane','Addison','Texas','75007'),(550,692,'home','70662 Oak Valley Terrace','Addison','Texas','75088'),(551,693,'home','77873 Annamark Drive','Allen','Texas','75055'),(552,696,'home','69493 Amoth Alley','Plano','Texas','75023'),(553,697,'home','53 Harbort Center','Plano','Texas','75033'),(554,698,'home','84579 Blackbird Street','Dallas','Texas','75035'),(555,699,'home','9 Manley Lane','Plano','Texas','75049'),(556,700,'home','0 Summit Alley','Dallas','Texas',NULL),(557,701,'home','7714 Mifflin Street','Dallas','Texas','75043'),(558,703,'home','7260 Laurel Alley','Richardson','Texas','75064'),(559,704,'home','2 Eliot Way','Addison','Texas','75082'),(560,705,'home','06 Knutson Place','Allen','Texas','75022'),(561,706,'home','9878 Caliangt Plaza','Plano','Texas','75045'),(562,707,'home','17946 Union Drive','Addison','Texas','75085'),(563,708,'home','6 6th Place','Plano','Texas','75040'),(564,709,'home','1684 Crest Line Trail','Richardson','Texas','75085'),(565,710,'home','6161 Clyde Gallagher Parkway','Dallas','Texas','75034'),(566,711,'home','3 Troy Road','Addison','Texas',NULL),(567,712,'home','4169 Namekagon Park','Plano','Texas','75015'),(568,714,'home','3 Spaight Hill','Allen','Texas','75012'),(569,715,'home','4530 Schurz Pass','Richardson','Texas','75021'),(570,716,'home','9 Rowland Pass','Addison','Texas','75044'),(571,717,'home','13053 American Drive','Dallas','Texas','75004'),(572,720,'home','2132 Eastwood Place','Plano','Texas','75076'),(573,721,'home','0758 Kings Drive','Dallas','Texas',NULL),(574,722,'home','59 Emmet Crossing','Plano','Texas','75069'),(575,723,'home','93 Dapin Court','Allen','Texas','75024'),(576,724,'home','2 Dahle Hill','Allen','Texas',NULL),(577,725,'home','27 Continental Lane','Plano','Texas',NULL),(578,726,'home','09 Springs Avenue','Dallas','Texas','75035'),(579,727,'home','77822 Delladonna Terrace','Allen','Texas','75068'),(580,728,'home','868 Farmco Center','Plano','Texas','75003'),(581,731,'home','24 Center Hill','Dallas','Texas','75038'),(582,732,'home','1473 Farmco Circle','Plano','Texas','75050'),(583,733,'home','07389 Dorton Park','Plano','Texas','75077'),(584,734,'home','9 Russell Parkway','Addison','Texas','75034'),(585,735,'home','990 Northview Court','Plano','Texas','75057'),(586,736,'home','00818 Springs Court','Dallas','Texas','75032'),(587,737,'home','352 Westridge Parkway','Richardson','Texas','75050'),(588,738,'home','22 Magdeline Street','Dallas','Texas','75063'),(589,740,'home','929 Weeping Birch Avenue','Dallas','Texas','75056'),(590,742,'home','861 Lakewood Crossing','Allen','Texas',NULL),(591,743,'home','156 Maryland Court','Dallas','Texas',NULL),(592,744,'home','345 Erie Pass','Dallas','Texas','75052'),(593,745,'home','4 Mallory Point','Richardson','Texas',NULL),(594,746,'home','8772 Iowa Road','Richardson','Texas','75065'),(595,747,'home','57 Hermina Center','Plano','Texas','75025'),(596,751,'home','820 Becker Trail','Richardson','Texas',NULL),(597,752,'home','92 Onsgard Point','Allen','Texas','75043'),(598,754,'home','6342 Eastwood Trail','Allen','Texas','75008'),(599,757,'home','8332 Larry Center','Addison','Texas','75005'),(600,758,'home','66 Jenifer Avenue','Addison','Texas',NULL),(601,759,'home','77474 Anhalt Junction','Plano','Texas','75094'),(602,760,'home','23 Scott Plaza','Addison','Texas','75076'),(603,761,'home','5236 Linden Park','Dallas','Texas',NULL),(604,762,'home','581 2nd Avenue','Allen','Texas','75029'),(605,763,'home','80509 Glendale Circle','Plano','Texas','75076'),(606,765,'home','905 Muir Circle','Richardson','Texas','75062'),(607,767,'home','6190 Sutherland Circle','Dallas','Texas',NULL),(608,768,'home','9022 Shopko Lane','Richardson','Texas',NULL),(609,769,'home','1384 Arizona Road','Richardson','Texas','75046'),(610,770,'home','96058 Lakewood Place','Allen','Texas','75028'),(611,772,'home','63 Jenifer Parkway','Dallas','Texas',NULL),(612,773,'home','120 Loomis Avenue','Dallas','Texas','75086'),(613,774,'home','20022 Marcy Hill','Dallas','Texas','75054'),(614,775,'home','40973 Victoria Center','Richardson','Texas','75080'),(615,780,'home','32266 Bartillon Avenue','Plano','Texas',NULL),(616,781,'home','42352 Fuller Way','Plano','Texas',NULL),(617,782,'home','75395 Luster Plaza','Dallas','Texas',NULL),(618,783,'home','22617 Farragut Park','Richardson','Texas','75021'),(619,786,'home','808 Weeping Birch Lane','Addison','Texas',NULL),(620,787,'home','3088 Troy Trail','Richardson','Texas','75074'),(621,789,'home','72330 Emmet Circle','Plano','Texas','75093'),(622,790,'home','7 Armistice Place','Richardson','Texas','75064'),(623,791,'home','5 Schmedeman Plaza','Addison','Texas',NULL),(624,792,'home','07 Rockefeller Hill','Allen','Texas','75044'),(625,793,'home','84513 Heath Pass','Plano','Texas','75026'),(626,794,'home','24976 Eagan Parkway','Addison','Texas','75065'),(627,797,'home','6 Tomscot Point','Addison','Texas',NULL),(628,798,'home','263 1st Street','Allen','Texas','75040'),(629,799,'home','75023 Carioca Drive','Plano','Texas','75013'),(630,800,'home','16 Acker Center','Addison','Texas','75099'),(631,801,'home','903 Becker Avenue','Allen','Texas','75057'),(632,802,'home','3649 Judy Pass','Dallas','Texas',NULL),(633,803,'home','959 Tony Alley','Allen','Texas','75012'),(634,804,'home','2694 Pankratz Avenue','Allen','Texas','75014'),(635,805,'home','23 Waxwing Center','Dallas','Texas',NULL),(636,806,'home','1476 Ramsey Street','Richardson','Texas','75046'),(637,807,'home','91870 Nevada Trail','Plano','Texas','75066'),(638,808,'home','9 New Castle Hill','Allen','Texas','75043'),(639,809,'home','1909 Farmco Alley','Dallas','Texas','75021'),(640,810,'home','335 Forest Drive','Allen','Texas','75009'),(641,811,'home','24942 Talisman Pass','Allen','Texas','75032'),(642,812,'home','2 Bashford Terrace','Richardson','Texas','75064'),(643,813,'home','26 Roxbury Terrace','Dallas','Texas','75011'),(644,814,'home','28 7th Lane','Allen','Texas',NULL),(645,815,'home','5 Messerschmidt Street','Plano','Texas','75069'),(646,816,'home','592 Park Meadow Center','Addison','Texas','75060'),(647,817,'home','15752 Lillian Pass','Plano','Texas','75034'),(648,818,'home','1159 Harbort Center','Plano','Texas','75007'),(649,819,'home','14510 Northfield Street','Dallas','Texas','75023'),(650,820,'home','2171 Aberg Crossing','Addison','Texas',NULL),(651,821,'home','5 Dorton Crossing','Dallas','Texas','75050'),(652,822,'home','2114 Ramsey Lane','Dallas','Texas','75014'),(653,823,'home','05 Oxford Way','Richardson','Texas',NULL),(654,824,'home','4525 Fulton Alley','Dallas','Texas','75070'),(655,825,'home','9412 Kennedy Plaza','Richardson','Texas','75050'),(656,826,'home','8 Monica Park','Richardson','Texas','75075'),(657,827,'home','1 Manley Circle','Richardson','Texas','75052'),(658,828,'home','46 Bayside Point','Allen','Texas','75052'),(659,831,'home','14320 Beilfuss Hill','Plano','Texas','75033'),(660,832,'home','97 Holmberg Place','Addison','Texas',NULL),(661,833,'home','27 Vahlen Street','Allen','Texas','75040'),(662,834,'home','46311 Caliangt Street','Plano','Texas','75030'),(663,835,'home','54 Novick Avenue','Plano','Texas',NULL),(664,836,'home','09 Butternut Plaza','Allen','Texas','75044'),(665,837,'home','447 7th Pass','Addison','Texas','75038'),(666,838,'home','0559 Mosinee Park','Allen','Texas','75020'),(667,839,'home','96 Miller Plaza','Richardson','Texas','75098'),(668,841,'home','1225 Corscot Lane','Plano','Texas','75099'),(669,843,'home','31006 Londonderry Pass','Allen','Texas','75065'),(670,845,'home','13 Park Meadow Way','Allen','Texas','75065'),(671,846,'home','9 Stephen Court','Richardson','Texas',NULL),(672,848,'home','827 Riverside Lane','Addison','Texas','75063'),(673,850,'home','2791 Susan Circle','Richardson','Texas','75093'),(674,853,'home','4 Charing Cross Hill','Allen','Texas','75017'),(675,854,'home','8314 Dennis Junction','Plano','Texas','75001'),(676,855,'home','925 Rieder Junction','Richardson','Texas','75052'),(677,856,'home','9 Ohio Street','Plano','Texas',NULL),(678,857,'home','52 2nd Circle','Dallas','Texas',NULL),(679,858,'home','16 Maryland Center','Richardson','Texas',NULL),(680,860,'home','7 Fairfield Drive','Plano','Texas','75066'),(681,862,'home','1295 Warbler Court','Richardson','Texas','75032'),(682,863,'home','93552 Muir Plaza','Dallas','Texas','75059'),(683,864,'home','8 Stoughton Terrace','Addison','Texas','75096'),(684,865,'home','2 Rutledge Lane','Allen','Texas','75019'),(685,866,'home','57250 Butternut Alley','Dallas','Texas','75065'),(686,868,'home','708 Grover Parkway','Allen','Texas','75083'),(687,870,'home','8590 Cardinal Place','Richardson','Texas',NULL),(688,871,'home','9 John Wall Terrace','Allen','Texas','75024'),(689,872,'home','93 Butterfield Center','Allen','Texas','75084'),(690,873,'home','65458 Glacier Hill Plaza','Dallas','Texas','75064'),(691,874,'home','2498 Quincy Lane','Dallas','Texas',NULL),(692,875,'home','959 Hallows Plaza','Dallas','Texas','75061'),(693,876,'home','60 Ridgeway Plaza','Addison','Texas',NULL),(694,877,'home','7272 Hayes Point','Allen','Texas','75008'),(695,878,'home','6 Golf Parkway','Richardson','Texas','75003'),(696,879,'home','2 Grover Plaza','Richardson','Texas','75038'),(697,880,'home','17226 Arapahoe Parkway','Richardson','Texas',NULL),(698,882,'home','25 Arrowood Circle','Richardson','Texas','75053'),(699,883,'home','9 Springs Circle','Addison','Texas','75021'),(700,884,'home','84964 Division Avenue','Plano','Texas','75022'),(701,885,'home','849 1st Circle','Plano','Texas',NULL),(702,889,'home','84 Schmedeman Lane','Richardson','Texas','75022'),(703,890,'home','9 Montana Plaza','Dallas','Texas','75061'),(704,892,'home','25181 La Follette Place','Dallas','Texas','75056'),(705,894,'home','8118 Eastlawn Parkway','Allen','Texas','75057'),(706,895,'home','951 Forest Run Plaza','Richardson','Texas','75064'),(707,897,'home','5013 Ilene Hill','Dallas','Texas',NULL),(708,898,'home','8 Blaine Pass','Addison','Texas',NULL),(709,899,'home','9463 Lake View Road','Allen','Texas','75059'),(710,900,'home','334 Almo Avenue','Dallas','Texas','75070'),(711,901,'home','9 Moulton Avenue','Richardson','Texas','75052'),(712,902,'home','0695 Dakota Terrace','Addison','Texas','75069'),(713,903,'home','472 Kennedy Road','Addison','Texas','75032'),(714,904,'home','9772 Eastwood Circle','Richardson','Texas','75080'),(715,905,'home','08299 Lillian Drive','Allen','Texas','75076'),(716,906,'home','4 Porter Circle','Addison','Texas','75016'),(717,907,'home','904 Fremont Way','Allen','Texas','75090'),(718,908,'home','43 Randy Avenue','Richardson','Texas',NULL),(719,909,'home','87470 Northfield Circle','Allen','Texas','75088'),(720,910,'home','72792 Donald Avenue','Richardson','Texas',NULL),(721,911,'home','3 Walton Point','Plano','Texas','75064'),(722,912,'home','06 Reinke Point','Addison','Texas',NULL),(723,915,'home','26218 Prairieview Road','Allen','Texas',NULL),(724,916,'home','5181 Hanson Avenue','Dallas','Texas','75087'),(725,917,'home','50 Eastwood Junction','Dallas','Texas','75045'),(726,918,'home','8 Dapin Center','Dallas','Texas',NULL),(727,920,'home','20776 Wayridge Hill','Richardson','Texas',NULL),(728,922,'home','34866 Lindbergh Circle','Allen','Texas','75086'),(729,923,'home','11950 Meadow Ridge Street','Addison','Texas','75086'),(730,924,'home','634 Dennis Drive','Plano','Texas','75054'),(731,925,'home','6 Steensland Plaza','Plano','Texas','75037'),(732,926,'home','0 Haas Alley','Plano','Texas',NULL),(733,927,'home','9835 Kropf Terrace','Dallas','Texas','75009'),(734,929,'home','4768 Bay Pass','Richardson','Texas',NULL),(735,930,'home','93 Lotheville Hill','Allen','Texas','75089'),(736,931,'home','9 Longview Pass','Richardson','Texas',NULL),(737,932,'home','16872 Mosinee Place','Addison','Texas','75033'),(738,934,'home','5271 Drewry Circle','Plano','Texas',NULL),(739,935,'home','64 Morningstar Junction','Allen','Texas','75075'),(740,936,'home','16689 Sunfield Center','Addison','Texas',NULL),(741,937,'home','8 Granby Junction','Dallas','Texas','75093'),(742,938,'home','0 Grim Trail','Dallas','Texas','75026'),(743,939,'home','306 Graceland Drive','Addison','Texas','75094'),(744,940,'home','4191 Del Sol Street','Allen','Texas','75049'),(745,941,'home','290 Londonderry Drive','Plano','Texas',NULL),(746,942,'home','3 Saint Paul Pass','Allen','Texas','75064'),(747,943,'home','66 Surrey Circle','Dallas','Texas','75082'),(748,945,'home','51 Northridge Court','Addison','Texas','75010'),(749,946,'home','4 John Wall Park','Plano','Texas','75067'),(750,948,'home','88714 Hayes Junction','Addison','Texas','75005'),(751,949,'home','497 Macpherson Alley','Dallas','Texas','75018'),(752,950,'home','06661 Westport Plaza','Plano','Texas','75073'),(753,951,'home','46513 Granby Lane','Plano','Texas',NULL),(754,952,'home','5 Merry Crossing','Richardson','Texas','75055'),(755,953,'home','83 Mcguire Plaza','Plano','Texas','75092'),(756,954,'home','88888 Anthes Park','Allen','Texas','75033'),(757,955,'home','2167 Village Green Hill','Dallas','Texas','75077'),(758,957,'home','336 Petterle Street','Richardson','Texas','75087'),(759,958,'home','1 Ludington Place','Addison','Texas',NULL),(760,959,'home','35 Judy Street','Allen','Texas',NULL),(761,961,'home','5 Mockingbird Point','Allen','Texas','75006'),(762,963,'home','5 Harper Crossing','Allen','Texas','75069'),(763,965,'home','768 Brentwood Crossing','Allen','Texas',NULL),(764,967,'home','053 Dakota Avenue','Addison','Texas','75073'),(765,968,'home','31568 Dakota Crossing','Richardson','Texas','75024'),(766,969,'home','489 Quincy Hill','Plano','Texas','75035'),(767,970,'home','6 Rutledge Parkway','Dallas','Texas','75047'),(768,971,'home','5452 Walton Junction','Richardson','Texas','75074'),(769,972,'home','22 Dwight Center','Addison','Texas','75033'),(770,973,'home','9 Kim Alley','Plano','Texas','75083'),(771,974,'home','17 Killdeer Parkway','Addison','Texas','75087'),(772,975,'home','70338 Clyde Gallagher Street','Dallas','Texas','75036'),(773,976,'home','204 Caliangt Way','Dallas','Texas','75049'),(774,978,'home','7637 Burrows Alley','Addison','Texas','75085'),(775,980,'home','0 Colorado Way','Richardson','Texas',NULL),(776,981,'home','07151 Anderson Trail','Allen','Texas','75079'),(777,982,'home','0 Annamark Alley','Allen','Texas','75098'),(778,983,'home','5 Coleman Lane','Dallas','Texas','75001'),(779,984,'home','853 5th Terrace','Richardson','Texas',NULL),(780,985,'home','46789 Moulton Crossing','Addison','Texas','75099'),(781,987,'home','1 Thierer Drive','Richardson','Texas','75017'),(782,988,'home','7 Brown Hill','Addison','Texas','75077'),(783,989,'home','8 Huxley Junction','Plano','Texas','75029'),(784,990,'home','70 Del Mar Junction','Plano','Texas','75062'),(785,991,'home','5228 Commercial Crossing','Allen','Texas',NULL),(786,992,'home','5 Blue Bill Park Street','Plano','Texas','75003'),(787,993,'home','51469 Becker Point','Dallas','Texas','75014'),(788,994,'home','583 Manufacturers Avenue','Richardson','Texas',NULL),(789,995,'home','0648 Lakewood Street','Plano','Texas','75006'),(790,996,'home','13 Main Way','Addison','Texas','75089'),(791,997,'home','782 Lighthouse Bay Pass','Allen','Texas','75060'),(792,998,'home','008 Ryan Center','Plano','Texas',NULL),(793,999,'home','5729 Farragut Plaza','Dallas','Texas','75079'),(794,1000,'home','18201 Novick Circle','Richardson','Texas','75037'),(795,1,'work','90103 Glacier Hill Terrace','Plano','Texas','75003'),(796,2,'work','37 Sommers Hill','Addison','Texas','75006'),(797,4,'work','3 Mccormick Parkway','Allen','Texas','75008'),(798,5,'work','35836 Banding Way','Richardson','Texas','75004'),(799,6,'work','44 Farragut Avenue','Addison','Texas','75009'),(800,8,'work','363 Truax Trail','Addison','Texas','75005'),(801,9,'work','17 Clyde Gallagher Alley','Richardson','Texas','75007'),(802,13,'work','8705 West Junction','Addison','Texas','75008'),(803,17,'work','3522 Butternut Place','Plano','Texas','75001'),(804,20,'work','51819 Donald Trail','Richardson','Texas','75002'),(805,22,'work','3715 Muir Park','Dallas','Texas','75005'),(806,23,'work','4 Emmet Junction','Plano','Texas','75004'),(807,25,'work','2 Lillian Drive','Addison','Texas','75001'),(808,26,'work','6 Michigan Pass','Dallas','Texas','75004'),(809,27,'work','2408 Riverside Parkway','Plano','Texas','75007'),(810,31,'work','81910 Towne Hill','Plano','Texas','75007'),(811,34,'work','2 Farwell Park','Allen','Texas','75008'),(812,35,'work','5031 Service Trail','Dallas','Texas','75003'),(813,36,'work','1096 5th Drive','Richardson','Texas','75008'),(814,39,'work','868 Continental Road','Plano','Texas','75005'),(815,40,'work','66986 Vidon Trail','Richardson','Texas','75003'),(816,41,'work','8 Luster Circle','Addison','Texas','75004'),(817,42,'work','97544 Arizona Crossing','Allen','Texas','75001'),(818,43,'work','3 5th Junction','Dallas','Texas','75008'),(819,46,'work','08 Everett Crossing','Plano','Texas','75005'),(820,47,'work','394 Mayfield Drive','Plano','Texas','75002'),(821,49,'work','7 Talisman Alley','Allen','Texas','75004'),(822,50,'work','3 Redwing Terrace','Dallas','Texas','75006'),(823,51,'work','33 Melby Park','Allen','Texas','75003'),(824,55,'work','9562 Northfield Park','Plano','Texas','75009'),(825,56,'work','853 Mayfield Place','Allen','Texas','75005'),(826,58,'work','65588 Claremont Plaza','Plano','Texas','75001'),(827,59,'work','8 Kings Crossing','Allen','Texas','75004'),(828,61,'work','4 Saint Paul Junction','Dallas','Texas','75006'),(829,62,'work','095 Hagan Center','Plano','Texas','75003'),(830,64,'work','00 Haas Road','Allen','Texas','75009'),(831,65,'work','928 Charing Cross Alley','Plano','Texas','75007'),(832,66,'work','3682 American Road','Richardson','Texas','75003'),(833,68,'work','23469 Annamark Center','Richardson','Texas','75002'),(834,70,'work','455 Westend Point','Dallas','Texas','75003'),(835,73,'work','9 Mandrake Place','Allen','Texas','75004'),(836,74,'work','4 Ilene Junction','Richardson','Texas','75009'),(837,76,'work','316 Eagan Circle','Richardson','Texas','75007'),(838,80,'work','23 Debra Road','Plano','Texas','75003'),(839,84,'work','82238 Ludington Park','Addison','Texas','75003'),(840,85,'work','005 Derek Terrace','Richardson','Texas','75002'),(841,86,'work','351 Shelley Court','Richardson','Texas','75001'),(842,87,'work','4 Golf Avenue','Plano','Texas','75007'),(843,89,'work','7807 Dakota Pass','Addison','Texas','75006'),(844,91,'work','55 Ridgeway Drive','Addison','Texas','75008'),(845,92,'work','2 Dennis Alley','Dallas','Texas','75002'),(846,94,'work','852 Burning Wood Pass','Addison','Texas','75005'),(847,96,'work','6678 Service Circle','Addison','Texas','75008'),(848,99,'work','5445 Buhler Parkway','Allen','Texas','75003'),(849,101,'work','73814 Gerald Park','Plano','Texas','75002'),(850,105,'work','29479 Porter Point','Dallas','Texas','75005'),(851,106,'work','9528 Loftsgordon Junction','Allen','Texas','75003'),(852,107,'work','3105 Autumn Leaf Court','Plano','Texas','75001'),(853,108,'work','3175 Green Ridge Court','Richardson','Texas','75008'),(854,109,'work','876 Washington Terrace','Plano','Texas','75004'),(855,110,'work','92 Mcbride Road','Plano','Texas','75005'),(856,111,'work','738 Commercial Road','Addison','Texas','75002'),(857,115,'work','1 Loomis Lane','Richardson','Texas','75002'),(858,116,'work','396 3rd Alley','Allen','Texas','75002'),(859,119,'work','80574 Eliot Road','Plano','Texas','75001'),(860,120,'work','5996 Fairview Trail','Richardson','Texas','75005'),(861,123,'work','07 Butternut Avenue','Allen','Texas','75005'),(862,126,'work','702 Maple Wood Circle','Allen','Texas','75002'),(863,128,'work','7948 Sunbrook Crossing','Allen','Texas','75008'),(864,134,'work','7869 Onsgard Pass','Addison','Texas','75008'),(865,136,'work','977 2nd Road','Addison','Texas','75006'),(866,137,'work','077 Ilene Terrace','Plano','Texas','75001'),(867,138,'work','6 6th Pass','Richardson','Texas','75002'),(868,141,'work','83 Namekagon Lane','Dallas','Texas','75001'),(869,142,'work','49298 Pierstorff Center','Richardson','Texas','75009'),(870,143,'work','255 Lukken Court','Richardson','Texas','75001'),(871,144,'work','62089 Transport Plaza','Plano','Texas','75001'),(872,145,'work','5874 Granby Alley','Allen','Texas','75008'),(873,147,'work','563 Kedzie Court','Addison','Texas','75004'),(874,150,'work','0 Blue Bill Park Pass','Allen','Texas','75001'),(875,156,'work','67 Evergreen Way','Richardson','Texas','75004'),(876,158,'work','7390 Brickson Park Junction','Dallas','Texas','75002'),(877,160,'work','555 Macpherson Point','Allen','Texas','75009'),(878,161,'work','2 Prentice Park','Addison','Texas','75004'),(879,162,'work','50 John Wall Street','Allen','Texas','75006'),(880,164,'work','435 Dwight Pass','Plano','Texas','75006'),(881,165,'work','00464 Kenwood Circle','Richardson','Texas','75003'),(882,167,'work','4368 Montana Parkway','Richardson','Texas','75006'),(883,169,'work','25 Scofield Pass','Allen','Texas','75008'),(884,172,'work','8 Jenifer Terrace','Richardson','Texas','75008'),(885,173,'work','06606 Cordelia Way','Plano','Texas','75007'),(886,175,'work','32 Farragut Drive','Dallas','Texas','75009'),(887,176,'work','73397 Blaine Trail','Dallas','Texas','75002'),(888,179,'work','2930 Reindahl Pass','Dallas','Texas','75003'),(889,180,'work','5 Pond Place','Addison','Texas','75008'),(890,181,'work','5540 Luster Center','Allen','Texas','75004'),(891,183,'work','95 Barnett Terrace','Dallas','Texas','75009'),(892,184,'work','719 Kensington Park','Allen','Texas','75009'),(893,185,'work','1202 Autumn Leaf Street','Addison','Texas','75007'),(894,188,'work','4440 Spenser Pass','Allen','Texas','75002'),(895,192,'work','0 Porter Place','Dallas','Texas','75001'),(896,196,'work','386 Cordelia Crossing','Richardson','Texas','75009'),(897,198,'work','46162 Fuller Drive','Dallas','Texas','75005'),(898,199,'work','12259 Ruskin Crossing','Addison','Texas','75008'),(899,201,'work','7321 Declaration Alley','Addison','Texas','75006'),(900,204,'work','50544 Sutherland Drive','Addison','Texas','75008'),(901,206,'work','74 Thackeray Road','Dallas','Texas','75008'),(902,207,'work','4155 Holmberg Avenue','Plano','Texas','75003'),(903,210,'work','26 Cardinal Point','Dallas','Texas','75007'),(904,212,'work','59544 Tomscot Pass','Dallas','Texas','75006'),(905,213,'work','66 Valley Edge Terrace','Richardson','Texas','75001'),(906,216,'work','858 Red Cloud Trail','Dallas','Texas','75002'),(907,217,'work','019 Utah Circle','Addison','Texas','75004'),(908,218,'work','14 Talisman Street','Allen','Texas','75009'),(909,222,'work','4 Roth Road','Allen','Texas','75009'),(910,223,'work','75 Evergreen Road','Addison','Texas','75005'),(911,227,'work','644 Towne Junction','Dallas','Texas','75004'),(912,229,'work','3387 Old Shore Pass','Richardson','Texas','75005'),(913,233,'work','049 Lerdahl Avenue','Plano','Texas','75002'),(914,239,'work','49001 Superior Place','Addison','Texas','75004'),(915,241,'work','2975 Clemons Junction','Allen','Texas','75002'),(916,242,'work','40898 Sunbrook Junction','Plano','Texas','75009'),(917,243,'work','58664 Florence Center','Addison','Texas','75003'),(918,244,'work','8 Little Fleur Road','Richardson','Texas','75006'),(919,247,'work','48607 Pankratz Crossing','Dallas','Texas','75008'),(920,248,'work','960 Sunnyside Hill','Dallas','Texas','75009'),(921,249,'work','71 Gerald Road','Dallas','Texas','75007'),(922,251,'work','9 Declaration Street','Richardson','Texas','75005'),(923,252,'work','12969 Lighthouse Bay Lane','Addison','Texas','75005'),(924,253,'work','0615 Hooker Way','Richardson','Texas','75002'),(925,254,'work','8412 Anhalt Road','Richardson','Texas','75001'),(926,255,'work','00752 Carey Avenue','Addison','Texas','75006'),(927,256,'work','7529 Upham Drive','Allen','Texas','75009'),(928,258,'work','1 Paget Trail','Addison','Texas','75001'),(929,262,'work','21 Summit Terrace','Addison','Texas','75005'),(930,263,'work','6 Fremont Park','Allen','Texas','75009'),(931,264,'work','1 Prentice Terrace','Addison','Texas','75008'),(932,265,'work','93 Waywood Way','Richardson','Texas','75009'),(933,266,'work','1 Drewry Alley','Allen','Texas','75006'),(934,267,'work','61216 Tony Lane','Allen','Texas','75002'),(935,271,'work','01 Delaware Parkway','Addison','Texas','75001'),(936,272,'work','1139 Saint Paul Way','Addison','Texas','75008'),(937,273,'work','51 Swallow Circle','Addison','Texas','75002'),(938,275,'work','5212 Brown Way','Plano','Texas','75005'),(939,276,'work','85 Portage Point','Dallas','Texas','75009'),(940,279,'work','3 Melvin Parkway','Allen','Texas','75006'),(941,282,'work','254 Judy Parkway','Richardson','Texas','75005'),(942,286,'work','59935 High Crossing Park','Richardson','Texas','75003'),(943,288,'work','11982 Fordem Alley','Allen','Texas','75009'),(944,290,'work','318 Grover Hill','Dallas','Texas','75005'),(945,291,'work','91 Barnett Drive','Richardson','Texas','75008'),(946,292,'work','323 Westridge Alley','Richardson','Texas','75002'),(947,296,'work','4137 Almo Street','Richardson','Texas','75004'),(948,300,'work','8357 Lakewood Point','Plano','Texas','75002'),(949,304,'work','5917 Upham Point','Addison','Texas','75005'),(950,308,'work','626 Lakewood Gardens Circle','Plano','Texas','75005'),(951,309,'work','0 Del Sol Avenue','Addison','Texas','75003'),(952,310,'work','39649 Esker Center','Dallas','Texas','75005'),(953,313,'work','7726 Anderson Park','Plano','Texas','75002'),(954,314,'work','59368 Briar Crest Crossing','Allen','Texas','75007'),(955,315,'work','8191 Holmberg Avenue','Allen','Texas','75002'),(956,320,'work','38748 Merry Lane','Plano','Texas','75009'),(957,323,'work','449 Stang Court','Richardson','Texas','75001'),(958,324,'work','3 Harbort Pass','Dallas','Texas','75006'),(959,325,'work','9 Hansons Terrace','Addison','Texas','75007'),(960,327,'work','409 Mayfield Trail','Allen','Texas','75001'),(961,329,'work','5 Golf Avenue','Dallas','Texas','75003'),(962,331,'work','8 Mockingbird Place','Addison','Texas','75004'),(963,333,'work','5289 Jay Park','Plano','Texas','75005'),(964,337,'work','65279 Dakota Avenue','Richardson','Texas','75009'),(965,340,'work','8504 Sunfield Hill','Richardson','Texas','75004'),(966,341,'work','9 Truax Court','Plano','Texas','75006'),(967,342,'work','795 Merchant Center','Addison','Texas','75008'),(968,345,'work','29889 Bunting Trail','Richardson','Texas','75009'),(969,346,'work','8 Homewood Hill','Allen','Texas','75009'),(970,348,'work','1678 Kings Court','Dallas','Texas','75007'),(971,349,'work','7906 Dovetail Hill','Richardson','Texas','75005'),(972,351,'work','595 Mesta Center','Richardson','Texas','75004'),(973,352,'work','558 Annamark Parkway','Addison','Texas','75008'),(974,355,'work','93 Ruskin Hill','Richardson','Texas','75002'),(975,356,'work','9359 Independence Road','Addison','Texas','75004'),(976,357,'work','20 Florence Road','Addison','Texas','75003'),(977,358,'work','7481 Orin Crossing','Dallas','Texas','75001'),(978,362,'work','9 Ramsey Point','Dallas','Texas','75003'),(979,363,'work','5 Schlimgen Junction','Plano','Texas','75001'),(980,364,'work','78 Anhalt Way','Dallas','Texas','75006'),(981,366,'work','68 Crownhardt Drive','Addison','Texas','75001'),(982,369,'work','8437 Debra Street','Richardson','Texas','75001'),(983,370,'work','56443 Merchant Court','Dallas','Texas','75002'),(984,371,'work','27520 Coleman Junction','Addison','Texas','75001'),(985,372,'work','79 Farragut Junction','Addison','Texas','75008'),(986,373,'work','34948 Sunnyside Center','Dallas','Texas','75007'),(987,374,'work','3233 Southridge Parkway','Allen','Texas','75006'),(988,375,'work','6 Sauthoff Park','Dallas','Texas','75001'),(989,379,'work','22 Burrows Circle','Plano','Texas','75003'),(990,381,'work','9813 Brickson Park Pass','Addison','Texas','75004'),(991,382,'work','1 Golf Circle','Plano','Texas','75001'),(992,383,'work','06 Anniversary Crossing','Addison','Texas','75001'),(993,384,'work','9 Mifflin Point','Richardson','Texas','75001'),(994,386,'work','307 Anhalt Point','Addison','Texas','75006'),(995,387,'work','6 Canary Center','Addison','Texas','75004'),(996,388,'work','88 Mifflin Hill','Dallas','Texas','75003'),(997,390,'work','041 Grover Avenue','Richardson','Texas','75008'),(998,392,'work','91 Katie Lane','Dallas','Texas','75002'),(999,394,'work','20 Barby Parkway','Addison','Texas','75003'),(1000,395,'work','634 Schiller Hill','Plano','Texas','75002'),(1001,399,'work','33845 Drewry Terrace','Plano','Texas','75002'),(1002,401,'work','75007 Village Parkway','Richardson','Texas','75007'),(1003,402,'work','764 Tennyson Center','Allen','Texas','75002'),(1004,403,'work','557 Daystar Parkway','Allen','Texas','75005'),(1005,405,'work','74472 Valley Edge Crossing','Allen','Texas','75009'),(1006,407,'work','7 Northwestern Terrace','Allen','Texas','75007'),(1007,408,'work','906 Mcguire Junction','Richardson','Texas','75009'),(1008,410,'work','0 7th Avenue','Plano','Texas','75003'),(1009,412,'work','03 Dorton Point','Addison','Texas','75007'),(1010,415,'work','0792 Reindahl Terrace','Plano','Texas','75006'),(1011,417,'work','816 Riverside Alley','Addison','Texas','75002'),(1012,420,'work','430 Mcbride Street','Richardson','Texas','75009'),(1013,421,'work','0602 Old Shore Place','Plano','Texas','75008'),(1014,422,'work','335 Fremont Park','Addison','Texas','75002'),(1015,423,'work','322 Declaration Trail','Dallas','Texas','75002'),(1016,424,'work','9 Hanover Park','Addison','Texas','75001'),(1017,425,'work','532 Truax Drive','Plano','Texas','75001'),(1018,426,'work','31345 Manley Crossing','Allen','Texas','75003'),(1019,429,'work','6 8th Place','Addison','Texas','75005'),(1020,430,'work','50840 Tomscot Lane','Allen','Texas','75008'),(1021,434,'work','2683 Comanche Court','Allen','Texas','75004'),(1022,435,'work','049 Waywood Crossing','Dallas','Texas','75006'),(1023,442,'work','56 Carpenter Plaza','Dallas','Texas','75006'),(1024,443,'work','89656 Gateway Junction','Richardson','Texas','75001'),(1025,444,'work','80 High Crossing Pass','Dallas','Texas','75006'),(1026,446,'work','0830 Kingsford Center','Richardson','Texas','75006'),(1027,447,'work','18 Dexter Point','Dallas','Texas','75001'),(1028,453,'work','539 Canary Point','Plano','Texas','75005'),(1029,455,'work','98 Harper Avenue','Plano','Texas','75007'),(1030,456,'work','73795 Red Cloud Crossing','Richardson','Texas','75005'),(1031,460,'work','57092 Clarendon Lane','Allen','Texas','75005'),(1032,465,'work','694 High Crossing Drive','Richardson','Texas','75002'),(1033,466,'work','64077 Stuart Street','Allen','Texas','75001'),(1034,467,'work','0603 Debs Terrace','Richardson','Texas','75003'),(1035,469,'work','83 Anderson Parkway','Allen','Texas','75004'),(1036,470,'work','5059 Summer Ridge Circle','Addison','Texas','75007'),(1037,471,'work','17 Blaine Court','Allen','Texas','75006'),(1038,472,'work','10 Nobel Road','Richardson','Texas','75008'),(1039,478,'work','0 Lakewood Plaza','Richardson','Texas','75001'),(1040,479,'work','4 Grim Road','Allen','Texas','75007'),(1041,481,'work','7 Starling Lane','Plano','Texas','75004'),(1042,487,'work','3021 Fairview Drive','Plano','Texas','75007'),(1043,490,'work','5 Bluejay Point','Plano','Texas','75008'),(1044,493,'work','100 Forest Dale Court','Plano','Texas','75005'),(1045,498,'work','2151 Del Mar Junction','Dallas','Texas','75006'),(1046,500,'work','9274 Vermont Circle','Addison','Texas','75001'),(1047,506,'work','80047 Delladonna Pass','Richardson','Texas','75003'),(1048,509,'work','74991 Prairieview Alley','Richardson','Texas','75006'),(1049,513,'work','7354 Harbort Lane','Dallas','Texas','75007'),(1050,516,'work','7862 Stephen Park','Addison','Texas','75003'),(1051,518,'work','69908 School Way','Allen','Texas','75003'),(1052,519,'work','3 Shopko Avenue','Addison','Texas','75001'),(1053,520,'work','1 Lotheville Parkway','Dallas','Texas','75001'),(1054,521,'work','93 Lillian Hill','Richardson','Texas','75009'),(1055,523,'work','79568 Oxford Plaza','Addison','Texas','75008'),(1056,524,'work','22928 Delaware Terrace','Addison','Texas','75009'),(1057,527,'work','6988 Eastlawn Terrace','Dallas','Texas','75007'),(1058,528,'work','8 Summer Ridge Drive','Plano','Texas','75002'),(1059,529,'work','309 Dorton Street','Addison','Texas','75001'),(1060,531,'work','7 Homewood Park','Richardson','Texas','75009'),(1061,533,'work','8 Randy Court','Addison','Texas','75002'),(1062,535,'work','115 Kropf Alley','Dallas','Texas','75008'),(1063,537,'work','0718 Oneill Court','Dallas','Texas','75001'),(1064,540,'work','0456 Messerschmidt Junction','Addison','Texas','75008'),(1065,546,'work','6123 Lighthouse Bay Point','Richardson','Texas','75004'),(1066,547,'work','250 Glacier Hill Circle','Dallas','Texas','75001'),(1067,549,'work','300 Crest Line Point','Richardson','Texas','75004'),(1068,550,'work','865 Declaration Court','Dallas','Texas','75009'),(1069,553,'work','03646 Katie Terrace','Plano','Texas','75005'),(1070,556,'work','89192 Dexter Court','Addison','Texas','75008'),(1071,557,'work','150 Park Meadow Drive','Plano','Texas','75001'),(1072,560,'work','83189 Tony Road','Addison','Texas','75002'),(1073,562,'work','10495 Melby Point','Allen','Texas','75002'),(1074,568,'work','55 Vidon Drive','Allen','Texas','75004'),(1075,570,'work','446 Nova Road','Richardson','Texas','75006'),(1076,572,'work','66 Paget Point','Addison','Texas','75006'),(1077,573,'work','51 Welch Road','Plano','Texas','75006'),(1078,574,'work','40 Stoughton Road','Allen','Texas','75007'),(1079,575,'work','86178 Hoffman Place','Richardson','Texas','75008'),(1080,576,'work','97573 Westport Street','Dallas','Texas','75006'),(1081,577,'work','768 Manley Road','Addison','Texas','75008'),(1082,579,'work','76477 Hintze Drive','Plano','Texas','75009'),(1083,580,'work','942 Superior Terrace','Allen','Texas','75002'),(1084,581,'work','6705 Tennyson Junction','Allen','Texas','75009'),(1085,582,'work','01518 Gina Terrace','Allen','Texas','75008'),(1086,583,'work','3 Upham Pass','Addison','Texas','75002'),(1087,584,'work','34 Pennsylvania Alley','Addison','Texas','75005'),(1088,586,'work','360 Miller Crossing','Richardson','Texas','75001'),(1089,587,'work','938 Sherman Parkway','Addison','Texas','75005'),(1090,589,'work','2 Del Mar Crossing','Richardson','Texas','75009'),(1091,591,'work','1470 Fieldstone Point','Addison','Texas','75002'),(1092,594,'work','6446 7th Point','Addison','Texas','75002'),(1093,596,'work','2787 Gulseth Way','Addison','Texas','75004'),(1094,601,'work','7 3rd Park','Plano','Texas','75008'),(1095,602,'work','297 Stang Circle','Dallas','Texas','75008'),(1096,604,'work','158 Lunder Park','Allen','Texas','75004'),(1097,605,'work','73510 Forest Trail','Allen','Texas','75006'),(1098,606,'work','659 Continental Plaza','Dallas','Texas','75005'),(1099,608,'work','0780 Spohn Hill','Plano','Texas','75001'),(1100,609,'work','14 Magdeline Point','Addison','Texas','75008'),(1101,611,'work','7 Mockingbird Pass','Addison','Texas','75004'),(1102,615,'work','57 Cambridge Crossing','Dallas','Texas','75009'),(1103,616,'work','0 Valley Edge Alley','Addison','Texas','75001'),(1104,618,'work','80162 Warner Park','Allen','Texas','75008'),(1105,620,'work','90323 Grover Lane','Plano','Texas','75008'),(1106,623,'work','5660 Corry Lane','Allen','Texas','75008'),(1107,625,'work','4889 Scott Junction','Richardson','Texas','75004'),(1108,628,'work','4865 Southridge Park','Allen','Texas','75006'),(1109,629,'work','00 Messerschmidt Street','Richardson','Texas','75009'),(1110,630,'work','0557 Stephen Road','Plano','Texas','75005'),(1111,631,'work','95630 Old Shore Way','Allen','Texas','75007'),(1112,632,'work','926 Vera Drive','Plano','Texas','75003'),(1113,634,'work','13 Golf View Point','Addison','Texas','75005'),(1114,636,'work','6565 Delaware Road','Richardson','Texas','75001'),(1115,637,'work','99883 Crescent Oaks Court','Richardson','Texas','75004'),(1116,638,'work','90 Lunder Center','Dallas','Texas','75009'),(1117,640,'work','31 Straubel Trail','Dallas','Texas','75007'),(1118,642,'work','09 Fairfield Way','Richardson','Texas','75002'),(1119,644,'work','19679 Farmco Pass','Plano','Texas','75002'),(1120,645,'work','8 Columbus Hill','Dallas','Texas','75002'),(1121,646,'work','29421 Ludington Road','Addison','Texas','75006'),(1122,647,'work','9142 Russell Trail','Richardson','Texas','75004'),(1123,650,'work','21491 Spaight Lane','Allen','Texas','75004'),(1124,651,'work','39 Straubel Circle','Plano','Texas','75001'),(1125,652,'work','43 Bultman Lane','Plano','Texas','75005'),(1126,653,'work','53 Eastlawn Park','Plano','Texas','75004'),(1127,654,'work','26 Hanson Drive','Richardson','Texas','75004'),(1129,658,'work','16847 Jay Terrace','Allen','Texas','75009'),(1130,664,'work','3 Waubesa Alley','Allen','Texas','75002'),(1131,665,'work','72229 Harbort Plaza','Richardson','Texas','75007'),(1132,668,'work','6621 Bay Point','Dallas','Texas','75007'),(1133,674,'work','45 Pierstorff Parkway','Richardson','Texas','75005'),(1134,676,'work','97 Main Park','Addison','Texas','75009'),(1135,678,'work','00 Butterfield Drive','Richardson','Texas','75004'),(1136,679,'work','03953 Bobwhite Plaza','Plano','Texas','75005'),(1137,682,'work','20891 Vernon Plaza','Dallas','Texas','75004'),(1138,683,'work','8642 Havey Plaza','Plano','Texas','75002'),(1139,686,'work','38283 Kennedy Court','Richardson','Texas','75005'),(1140,687,'work','2576 Kennedy Road','Allen','Texas','75005'),(1141,688,'work','534 Menomonie Street','Dallas','Texas','75007'),(1142,690,'work','15426 Duke Hill','Plano','Texas','75008'),(1143,691,'work','266 Jana Plaza','Plano','Texas','75001'),(1144,692,'work','75536 Sauthoff Pass','Addison','Texas','75003'),(1145,693,'work','68443 Bonner Junction','Allen','Texas','75009'),(1146,694,'work','8198 Graedel Terrace','Allen','Texas','75009'),(1147,697,'work','91786 Rockefeller Drive','Addison','Texas','75002'),(1148,698,'work','3847 Morningstar Court','Richardson','Texas','75002'),(1149,699,'work','26 Banding Trail','Allen','Texas','75002'),(1150,701,'work','6941 Superior Hill','Plano','Texas','75001'),(1151,702,'work','83998 Donald Avenue','Addison','Texas','75003'),(1152,705,'work','1322 Fair Oaks Park','Allen','Texas','75001'),(1153,706,'work','06754 Meadow Vale Center','Dallas','Texas','75001'),(1154,709,'work','93 Moose Alley','Richardson','Texas','75004'),(1155,714,'work','55290 Meadow Vale Lane','Allen','Texas','75002'),(1156,715,'work','01053 Pond Terrace','Plano','Texas','75007'),(1157,716,'work','2 Meadow Vale Avenue','Addison','Texas','75003'),(1158,725,'work','8180 Brickson Park Hill','Richardson','Texas','75005'),(1159,726,'work','2 Hollow Ridge Point','Allen','Texas','75005'),(1160,727,'work','059 Twin Pines Plaza','Dallas','Texas','75007'),(1161,728,'work','66535 Red Cloud Alley','Richardson','Texas','75007'),(1162,733,'work','35 Stang Lane','Richardson','Texas','75001'),(1163,734,'work','72441 Thierer Plaza','Addison','Texas','75008'),(1164,737,'work','35366 Transport Terrace','Addison','Texas','75001'),(1165,738,'work','013 Northview Court','Addison','Texas','75007'),(1166,742,'work','1 Lillian Center','Richardson','Texas','75004'),(1167,744,'work','902 Emmet Place','Allen','Texas','75008'),(1168,746,'work','9410 Northridge Crossing','Richardson','Texas','75005'),(1169,747,'work','9130 Maple Crossing','Allen','Texas','75003'),(1170,748,'work','2 Rusk Crossing','Plano','Texas','75002'),(1171,749,'work','0 Red Cloud Drive','Richardson','Texas','75006'),(1172,751,'work','81 Dunning Point','Allen','Texas','75005'),(1173,752,'work','1 Dixon Circle','Richardson','Texas','75003'),(1174,755,'work','28986 Bunker Hill Plaza','Allen','Texas','75002'),(1175,761,'work','69224 Prentice Alley','Richardson','Texas','75008'),(1176,763,'work','93 Division Circle','Richardson','Texas','75005'),(1177,767,'work','379 Eliot Junction','Addison','Texas','75008'),(1178,769,'work','69 Clove Drive','Addison','Texas','75005'),(1179,771,'work','096 Claremont Circle','Dallas','Texas','75005'),(1180,772,'work','93380 Northfield Hill','Addison','Texas','75001'),(1181,773,'work','06050 Sunbrook Park','Plano','Texas','75001'),(1182,774,'work','8 Nova Circle','Dallas','Texas','75001'),(1183,775,'work','35503 Melvin Parkway','Dallas','Texas','75003'),(1184,776,'work','19 Heffernan Terrace','Dallas','Texas','75004'),(1185,778,'work','6157 Ramsey Alley','Plano','Texas','75008'),(1186,780,'work','489 Heath Street','Allen','Texas','75002'),(1187,782,'work','5 Eastlawn Terrace','Richardson','Texas','75006'),(1188,783,'work','939 Ohio Terrace','Allen','Texas','75009'),(1189,785,'work','0031 Briar Crest Alley','Plano','Texas','75006'),(1190,786,'work','6117 Jenna Place','Allen','Texas','75007'),(1191,788,'work','3434 Reindahl Road','Addison','Texas','75004'),(1192,790,'work','4 Service Park','Plano','Texas','75002'),(1193,791,'work','8 Carberry Road','Plano','Texas','75007'),(1194,793,'work','56 Evergreen Circle','Richardson','Texas','75002'),(1195,794,'work','8 Alpine Lane','Dallas','Texas','75004'),(1196,795,'work','1783 Glendale Alley','Dallas','Texas','75003'),(1197,796,'work','96 Calypso Lane','Dallas','Texas','75001'),(1198,798,'work','9925 Algoma Pass','Allen','Texas','75006'),(1199,800,'work','83 Prairieview Circle','Allen','Texas','75002'),(1200,801,'work','4 Springs Avenue','Dallas','Texas','75009'),(1201,803,'work','7323 Monica Circle','Richardson','Texas','75003'),(1202,804,'work','21529 Everett Court','Addison','Texas','75005'),(1203,807,'work','1525 Duke Avenue','Richardson','Texas','75002'),(1204,808,'work','4 Golden Leaf Park','Dallas','Texas','75002'),(1205,809,'work','060 Express Center','Allen','Texas','75008'),(1206,812,'work','118 Magdeline Drive','Richardson','Texas','75007'),(1207,814,'work','02 Sunnyside Junction','Richardson','Texas','75005'),(1208,815,'work','798 Pond Point','Addison','Texas','75007'),(1209,820,'work','2584 Milwaukee Center','Dallas','Texas','75004'),(1210,823,'work','639 Talisman Road','Addison','Texas','75002'),(1211,824,'work','84 7th Crossing','Addison','Texas','75008'),(1212,827,'work','2521 Petterle Junction','Richardson','Texas','75009'),(1213,828,'work','615 Lunder Hill','Richardson','Texas','75001'),(1214,830,'work','24624 Dovetail Crossing','Addison','Texas','75007'),(1215,831,'work','8 Nevada Point','Dallas','Texas','75003'),(1216,834,'work','2769 Ramsey Junction','Allen','Texas','75002'),(1217,835,'work','945 Hagan Terrace','Allen','Texas','75008'),(1218,836,'work','974 Green Center','Richardson','Texas','75007'),(1219,837,'work','10 Harbort Plaza','Allen','Texas','75003'),(1220,838,'work','417 Sachs Point','Dallas','Texas','75004'),(1221,839,'work','8875 Porter Drive','Dallas','Texas','75001'),(1222,841,'work','6880 Havey Park','Plano','Texas','75001'),(1223,842,'work','9797 Summit Terrace','Plano','Texas','75002'),(1224,844,'work','82863 Superior Circle','Dallas','Texas','75001'),(1225,846,'work','1595 Moland Center','Addison','Texas','75002'),(1226,847,'work','7558 Pawling Way','Allen','Texas','75001'),(1227,848,'work','06 Vera Street','Allen','Texas','75003'),(1228,849,'work','0 Sachtjen Lane','Allen','Texas','75009'),(1229,852,'work','46 Tony Terrace','Allen','Texas','75003'),(1230,853,'work','6 Dottie Crossing','Plano','Texas','75001'),(1231,855,'work','5146 Grayhawk Junction','Allen','Texas','75006'),(1232,857,'work','4 Mccormick Court','Addison','Texas','75005'),(1233,859,'work','9520 Schiller Trail','Dallas','Texas','75006'),(1234,862,'work','157 Drewry Circle','Richardson','Texas','75008'),(1235,867,'work','41 Marquette Pass','Richardson','Texas','75005'),(1236,868,'work','35864 Village Green Crossing','Richardson','Texas','75001'),(1237,869,'work','5458 Starling Avenue','Dallas','Texas','75004'),(1238,870,'work','18664 Ridgeway Court','Addison','Texas','75003'),(1239,874,'work','410 Maple Street','Richardson','Texas','75007'),(1240,876,'work','67232 Brickson Park Street','Richardson','Texas','75002'),(1241,880,'work','8 Duke Crossing','Richardson','Texas','75007'),(1242,881,'work','7534 Ludington Hill','Allen','Texas','75007'),(1243,882,'work','302 East Center','Dallas','Texas','75008'),(1244,883,'work','18730 Calypso Place','Dallas','Texas','75004'),(1245,884,'work','10 Delladonna Junction','Plano','Texas','75004'),(1246,886,'work','5208 Tennyson Alley','Richardson','Texas','75004'),(1247,887,'work','9 Kensington Circle','Addison','Texas','75006'),(1248,891,'work','036 Welch Pass','Plano','Texas','75003'),(1249,893,'work','8401 Vidon Center','Richardson','Texas','75008'),(1250,894,'work','2076 Vernon Junction','Plano','Texas','75004'),(1251,896,'work','933 Lakewood Terrace','Addison','Texas','75006'),(1252,899,'work','5154 Crowley Drive','Richardson','Texas','75001'),(1253,900,'work','719 Onsgard Court','Allen','Texas','75003'),(1254,903,'work','09 Dexter Center','Addison','Texas','75002'),(1255,905,'work','72162 Pond Park','Addison','Texas','75008'),(1256,906,'work','11901 Mitchell Crossing','Dallas','Texas','75006'),(1257,908,'work','320 Rutledge Trail','Addison','Texas','75005'),(1258,909,'work','7539 Meadow Valley Junction','Dallas','Texas','75002'),(1259,910,'work','37 Sloan Plaza','Richardson','Texas','75004'),(1260,912,'work','78762 Oak Valley Terrace','Richardson','Texas','75002'),(1261,915,'work','866 Heffernan Point','Addison','Texas','75005'),(1262,916,'work','49032 7th Drive','Dallas','Texas','75004'),(1263,917,'work','4 4th Circle','Addison','Texas','75002'),(1264,918,'work','9 Loftsgordon Drive','Richardson','Texas','75001'),(1265,919,'work','26242 Upham Circle','Plano','Texas','75006'),(1266,920,'work','66919 Cody Trail','Dallas','Texas','75007'),(1267,922,'work','2817 Lukken Pass','Dallas','Texas','75007'),(1268,924,'work','6 Esch Place','Allen','Texas','75007'),(1269,925,'work','350 Crowley Lane','Allen','Texas','75001'),(1270,927,'work','09 Myrtle Street','Addison','Texas','75003'),(1271,929,'work','4 Ruskin Alley','Addison','Texas','75001'),(1272,930,'work','33594 Debs Road','Dallas','Texas','75004'),(1273,931,'work','8467 Dottie Place','Dallas','Texas','75009'),(1274,935,'work','98238 Sloan Lane','Addison','Texas','75008'),(1275,936,'work','422 Bobwhite Park','Addison','Texas','75009'),(1276,938,'work','38 Artisan Junction','Addison','Texas','75008'),(1277,940,'work','8685 Carey Crossing','Plano','Texas','75008'),(1278,943,'work','6409 Warner Terrace','Dallas','Texas','75008'),(1279,944,'work','5 Mallard Lane','Addison','Texas','75004'),(1280,946,'work','0 Coolidge Street','Allen','Texas','75003'),(1281,947,'work','21 Sutherland Road','Dallas','Texas','75008'),(1282,948,'work','8615 Emmet Parkway','Allen','Texas','75001'),(1283,949,'work','71460 Meadow Valley Point','Plano','Texas','75001'),(1284,951,'work','76928 Little Fleur Street','Dallas','Texas','75007'),(1285,953,'work','6798 Gale Point','Plano','Texas','75008'),(1286,954,'work','6 Gale Lane','Addison','Texas','75003'),(1287,956,'work','5 Weeping Birch Avenue','Dallas','Texas','75008'),(1288,957,'work','7386 Scott Drive','Dallas','Texas','75003'),(1289,958,'work','5204 Messerschmidt Avenue','Plano','Texas','75006'),(1290,959,'work','358 Northwestern Hill','Plano','Texas','75007'),(1291,962,'work','2612 Duke Avenue','Plano','Texas','75004'),(1292,963,'work','4 Westerfield Court','Plano','Texas','75007'),(1293,968,'work','48011 Karstens Circle','Addison','Texas','75001'),(1294,974,'work','553 Sycamore Way','Dallas','Texas','75001'),(1295,975,'work','0059 Hoepker Place','Richardson','Texas','75009'),(1296,976,'work','89641 Kings Place','Addison','Texas','75001'),(1297,977,'work','8 Hoepker Lane','Plano','Texas','75001'),(1298,979,'work','36884 Milwaukee Street','Dallas','Texas','75007'),(1299,981,'work','501 Valley Edge Park','Richardson','Texas','75009'),(1300,985,'work','2 Elgar Place','Plano','Texas','75006'),(1301,987,'work','161 Katie Drive','Addison','Texas','75009'),(1302,988,'work','86 Meadow Vale Park','Plano','Texas','75001'),(1303,990,'work','0 Lillian Alley','Addison','Texas','75005'),(1304,991,'work','67 Continental Hill','Dallas','Texas','75008'),(1305,992,'work','72701 Morningstar Way','Dallas','Texas','75005'),(1306,994,'work','38 Shoshone Terrace','Dallas','Texas','75006'),(1307,996,'work','46412 Vahlen Park','Addison','Texas','75007'),(1308,997,'work','3 Pennsylvania Terrace','Addison','Texas','75009'),(1309,998,'work','67720 Myrtle Parkway','Dallas','Texas','75005'),(1333,655,'home','4985 Caliangt Trail','ahmedabad','Texas','75252'),(1334,655,'work','830 pigeon Terrace','Addison','Texas','75009'),(1363,1083,'home','fhb','jhbjh','jh','jh');
/*!40000 ALTER TABLE `address` ENABLE KEYS */;
UNLOCK TABLES;

--
-- Table structure for table `contact`
--

DROP TABLE IF EXISTS `contact`;
/*!40101 SET @saved_cs_client     = @@character_set_client */;
 SET character_set_client = utf8mb4 ;
CREATE TABLE `contact` (
  `contact_id` int(11) NOT NULL AUTO_INCREMENT,
  `fname` varchar(128) NOT NULL,
  `mname` varchar(128) DEFAULT NULL,
  `lname` varchar(128) NOT NULL,
  PRIMARY KEY (`contact_id`)
) ENGINE=InnoDB AUTO_INCREMENT=1084 DEFAULT CHARSET=utf8mb4 COLLATE=utf8mb4_0900_ai_ci;
/*!40101 SET character_set_client = @saved_cs_client */;

--
-- Dumping data for table `contact`
--

LOCK TABLES `contact` WRITE;
/*!40000 ALTER TABLE `contact` DISABLE KEYS */;
INSERT INTO `contact` VALUES (1,'Cindra','Del','Philipeaux'),(2,'Sherwood','','Spoerl'),(3,'Crosby','','Seide'),(4,'Hogan','','Spafford'),(5,'Kenton','Rog','Sibbald'),(6,'Brand','Melisande','Morkham'),(7,'Adina','','Richardon'),(8,'Maddalena','Ettore','O\' Hern'),(9,'Claus','','Gensavage'),(10,'Antonia','','Wolstencroft'),(11,'Doll','Cristy','Kill'),(12,'Maritsa','Priscilla','Tinsey'),(13,'Ward','Nellie','Shackell'),(14,'Cybill','Sissie','Ratazzi'),(15,'Harriet','Herminia','Swin'),(16,'Homerus','','Dugood'),(17,'Reuven','','Capstaff'),(18,'Lilian','','Perrin'),(19,'Dorey','Katheryn','Seamons'),(20,'Emmie','Bennie','Dust'),(21,'Palm','','Tuhy'),(22,'Jakie','Eddy','Muehle'),(23,'Torin','','McHaffy'),(24,'Bjorn','','Crathorne'),(25,'Mariana','Ebenezer','Titmarsh'),(26,'Clemmy','','Widdup'),(27,'Darrell','Egon','Lokier'),(28,'Thornton','','Kennaird'),(29,'Philip','Jaquith','Edworthye'),(30,'Dud','','Harvison'),(31,'Marcia','Etheline','Godwin'),(32,'Marilyn','Andra','McKinney'),(33,'Marget','','Stoller'),(34,'Lemmie','','Strowther'),(35,'Giorgi','','Di Biaggi'),(36,'Robyn','Gillan','Salvati'),(37,'Jarrad','Ketti','Cattonnet'),(38,'Valeria','','Dillingston'),(39,'Regina','Lexis','Emlyn'),(40,'Merrile','','Danielsky'),(41,'Rozelle','','Patington'),(42,'Susi','Salomone','Spurritt'),(43,'Dorena','Allayne','Heathcott'),(44,'Marita','','Macallam'),(45,'Donaugh','Sorcha','Grimsdike'),(46,'Concordia','Ingamar','Michurin'),(47,'Lydia','Elnar','Shermore'),(48,'Jandy','','Kerans'),(49,'Mirella','Truda','Cowwell'),(50,'Missie','Daron','Binner'),(51,'Ryley','Rog','Spilsted'),(52,'Sarina','','Alvarado'),(53,'Johnnie','Wolfgang','Walbrun'),(54,'Geri','','Chaundy'),(55,'Regan','','Holson'),(56,'Callida','Wells','Knappen'),(57,'Barnard','Dian','Wellbelove'),(58,'Lulu','Oliviero','Souness'),(59,'Osmond','','Braniff'),(60,'Maximilien','','Martensen'),(61,'Pietrek','Winston','Borgars'),(62,'Vanya','','Capelen'),(63,'Christopher','','Scurrah'),(64,'Neilla','Kissiah','Nel'),(65,'Evan','Sigismond','Critchlow'),(66,'Lodovico','','Sheed'),(67,'Filip','','Sapseed'),(68,'Isiahi','Lyman','Hudson'),(69,'Floria','Lianne','Lankford'),(70,'Claudine','Marlyn','Lazell'),(71,'Marcella','','Hucknall'),(72,'Anastasie','Clo','Sellers'),(73,'Annelise','','Haug'),(74,'Elfreda','','Cleland'),(75,'Goldy','','Parradice'),(76,'Abbye','Annmarie','Stiling'),(77,'Lavena','Petrina','Gostick'),(78,'Waneta','Karlene','Fernando'),(79,'Sharline','','Axworthy'),(80,'Torre','Odilia','Nowakowska'),(81,'Ermanno','Chris','Carillo'),(82,'Alwyn','Malvin','Wragg'),(83,'Rolland','','Prier'),(84,'Emmy','','Hamm'),(85,'Kristopher','','Gregorin'),(86,'Wallis','','Cocks'),(87,'Thornton','','Weich'),(88,'Carmella','Maribeth','Brundell'),(89,'Launce','Catarina','Matussov'),(90,'Derrik','Kelcey','Furniss'),(91,'Ariel','','Alessandrucci'),(92,'Merrick','','Coley'),(93,'Norah','Baxy','Dolman'),(94,'Lib','Albrecht','Jaggers'),(95,'Charlean','','Comiam'),(96,'Thorn','','Winkell'),(97,'Lorenzo','Even','Klimke'),(98,'Deedee','Nevins','Redmille'),(99,'Olwen','Chrotoem','Maharg'),(100,'Viviyan','','Luker'),(101,'Brigitte','Marieann','McLewd'),(102,'Carmen','','Braidwood'),(103,'Jania','Kyrstin','Vondrys'),(104,'Ardyce','','Andino'),(105,'Davis','Niccolo','Casolla'),(106,'Saloma','Margery','Geraudel'),(107,'Reese','Ilse','Wildblood'),(108,'Carola','Weidar','Sheard'),(109,'Arda','Chadwick','Valdes'),(110,'Caty','Pincas','Rikard'),(111,'Danica','Chloris','Trodler'),(112,'Rhetta','','Illingsworth'),(113,'Calvin','','Rubinowitsch'),(114,'Cordi','Bernardo','Woodwing'),(115,'Alison','Margarita','Amor'),(116,'Mattias','Shannan','March'),(117,'Josefina','','Bartram'),(118,'Chickie','','Pinard'),(119,'Rollin','Francklin','Abramof'),(120,'Minnaminnie','','Russi'),(121,'Jedidiah','','McGilvray'),(122,'Rachelle','Shaun','Cicconettii'),(123,'Carlita','Gussi','Bindin'),(124,'Dre','Rea','Castleman'),(125,'Renell','Sheilah','Hinsche'),(126,'Cathyleen','Josias','Weldrake'),(127,'Shanon','','Isaaksohn'),(128,'Caro','Herrick','Pulfer'),(129,'Emili','Lenora','Barkhouse'),(130,'Berty','','Jesse'),(131,'Cesare','Kitti','Osgarby'),(132,'Sande','Asa','Bothe'),(133,'Gal','','Aslett'),(134,'Mikael','Bridget','Doull'),(135,'Erroll','','Wear'),(136,'Margarita','Gisela','Form'),(137,'Rita','','Melross'),(138,'Cherrita','Lockwood','Mably'),(139,'Ellyn','Karlene','Whitwham'),(140,'Rudolfo','','Avraham'),(141,'Lark','Jonah','Hemms'),(142,'Keen','Henka','Measor'),(143,'Rosaline','Donalt','Worms'),(144,'Jacquelin','Hamel','O\'Leagham'),(145,'Gabey','','Aggott'),(146,'Stacee','','Braunlein'),(147,'Garland','Aurelie','Gaunter'),(148,'Joaquin','','Birkwood'),(149,'Barbabra','Alexandre','Dinnage'),(150,'Kenon','','Cremer'),(151,'Rabi','Davon','Apted'),(152,'Kerry','Redd','De Atta'),(153,'Barry','Cathy','Caves'),(154,'Kenneth','Wald','Jeffreys'),(155,'Darbie','Roobbie','Lafontaine'),(156,'Corena','','O\'Shevlin'),(157,'Arny','','Shrubshall'),(158,'Warren','','Stanlike'),(159,'Krystalle','Georgia','Archer'),(160,'Pooh','Emili','Alflatt'),(161,'Denney','Trey','McCurtain'),(162,'Barth','Val','Harwell'),(163,'Mord','Anette','Leynagh'),(164,'Osmund','Mallory','Arndell'),(165,'Honoria','Christal','Nix'),(166,'Paulita','','Chessel'),(167,'Celeste','Morly','Pittendreigh'),(168,'Nickola','Pedro','Barwood'),(169,'Harmonie','Sandy','Benny'),(170,'Glennis','','Dawby'),(171,'Casey','Claiborne','Temby'),(172,'Pamelina','Benoite','Moody'),(173,'Rozamond','','Tixier'),(174,'Zorine','Josie','Case'),(175,'Rici','','Thomann'),(176,'Pascale','Allyson','Delves'),(177,'Udall','Belvia','Snoxell'),(178,'Carolann','Francisco','Holbie'),(179,'Karmen','Wilmer','Carmel'),(180,'Cori','','Basillon'),(181,'Cyril','','Adran'),(182,'Bryana','Neely','Toghill'),(183,'Baron','Annabell','A\'field'),(184,'Lefty','','Windybank'),(185,'Sophey','','Weildish'),(186,'Loleta','Wade','Thombleson'),(187,'Petr','','Lardier'),(188,'Boigie','','Dabs'),(189,'Retha','Cindelyn','Twiddell'),(190,'Deva','','Dermott'),(191,'Donavon','','Franses'),(192,'Francesco','Yasmeen','Bellini'),(193,'Tyler','','Luckcock'),(194,'Noni','Sergent','Ashleigh'),(195,'Emmaline','','De Miranda'),(196,'Flossie','Ruthe','Hammerberg'),(197,'Alexander','','Witty'),(198,'Jourdan','','Straneo'),(199,'Buck','','Casterou'),(200,'Dulcinea','Brandice','Chazerand'),(201,'Marys','Emmi','Dellenbrok'),(202,'Tobit','Gilbertine','Deighan'),(203,'Dianne','Arny','Kedge'),(204,'Aubrie','','Boddam'),(205,'Gertrudis','Simonne','Streeton'),(206,'Verine','Mona','McLucas'),(207,'Gerick','','Learoyd'),(208,'Mozelle','','Toplis'),(209,'Luce','Egan','Kiss'),(210,'Giselbert','Martynne','McKeighan'),(211,'Ajay','Fannie','Meah'),(212,'Jammie','','Lavington'),(213,'Aluin','Maddy','Bohlmann'),(214,'Shari','','Blanque'),(215,'Clementius','Alfy','Lewinton'),(216,'Markus','','Cogzell'),(217,'Melessa','Ellerey','Kliement'),(218,'Manon','Rudy','Barthrup'),(219,'Amalle','','Brandsma'),(220,'Marjory','Libbie','Nutton'),(221,'Ivory','','Brodeur'),(222,'Fey','Adan','Armfirld'),(223,'Chaim','Inglis','Allot'),(224,'Gabriell','','Quinton'),(225,'Pauline','','Penright'),(226,'Mohandas','Di','Burnip'),(227,'Antonia','','Fligg'),(228,'Natka','','Rusted'),(229,'Willis','Cynthea','Arnecke'),(230,'Arvie','Carly','Collinson'),(231,'Lucinda','Chelsey','Vivash'),(232,'Alica','','McCumskay'),(233,'Duff','Belle','Jimmes'),(234,'Von','Yule','Cornell'),(235,'Thaxter','Husein','Beaze'),(236,'Danny','Kellby','Hawarden'),(237,'Wyatan','Brandon','Benettolo'),(238,'Baxter','','Grierson'),(239,'Hort','Clarinda','Grigorushkin'),(240,'Nessi','','Steedman'),(241,'Anestassia','Glennie','Calcraft'),(242,'Caril','','Currier'),(243,'Giorgia','Lanae','Van Dalen'),(244,'Blythe','','Gerhardt'),(245,'Gillan','Dannie','Bertlin'),(246,'Tracey','Arlen','Champneys'),(247,'Turner','Harri','Impleton'),(248,'Harriett','Junina','Deinert'),(249,'Charmian','Damon','Creigan'),(250,'Dav','Sibilla','Machel'),(251,'Hogan','Jilly','Wandtke'),(252,'Leanna','','Meates'),(253,'Barnabas','','Lowde'),(254,'Daven','Harman','O\'Hengerty'),(255,'Sabina','Forbes','Nix'),(256,'Joscelin','Chloe','Cranstoun'),(257,'Caryl','Bartie','Culp'),(258,'Ive','Anthe','Rozier'),(259,'Sibbie','','Brolechan'),(260,'Elwin','','Kendal'),(261,'Quintin','','Broddle'),(262,'Alfie','','Elgee'),(263,'Christa','Amelina','Gremain'),(264,'Ronnica','','Heads'),(265,'Sammy','Grissel','Roxburch'),(266,'Giselle','','Troke'),(267,'Cory','','Lapere'),(268,'Karrie','','Giacobelli'),(269,'Ondrea','Burnaby','Emma'),(270,'Merilee','','Gumme'),(271,'Niels','Rozella','Rawstron'),(272,'Helene','Alta','Sarrell'),(273,'Cherilyn','Bartlet','Bernet'),(274,'Maryanna','','Braunfeld'),(275,'Read','','Gent'),(276,'Dewain','','Barkhouse'),(277,'Ebba','Jobie','Hawken'),(278,'Frannie','','Boothebie'),(279,'Tate','Audrey','Liggett'),(280,'Alikee','','Mawby'),(281,'Hildegarde','Celestia','Taffurelli'),(282,'Madelena','','Regis'),(283,'Nil','Portie','Tanswill'),(284,'Delbert','','Chaplyn'),(285,'Sidonia','','Alderson'),(286,'Kyrstin','Hollyanne','Tumpane'),(287,'Nev','Row','Hotton'),(288,'Appolonia','Estevan','Fannon'),(289,'Riki','','Hearnes'),(290,'Brantley','','Fowlds'),(291,'Thorndike','','Daenen'),(292,'Susanetta','','Janny'),(293,'Madelena','','Stannett'),(294,'Pavia','','Cantor'),(295,'Valaria','','Pfeffel'),(296,'Verile','','Pervoe'),(297,'Merrel','','Borell'),(298,'Clayborn','Lillis','Taylorson'),(299,'Hugh','Chryste','Nafzger'),(300,'Bartlett','','Edmead'),(301,'Karin','Juana','Szymanowicz'),(302,'Marshall','','Capehorn'),(303,'Mose','','Derrick'),(304,'Phillipe','','Wrinch'),(305,'Annabelle','Aldridge','Romer'),(306,'Obie','Moe','Deverall'),(307,'Therese','','Nockolds'),(308,'Maureene','Margret','Sute'),(309,'Wolfie','','Trice'),(310,'Amandi','Talbert','Scollard'),(311,'Erma','','Pryell'),(312,'Jerrilee','','Ramelet'),(313,'Wileen','Gualterio','Patrono'),(314,'Alejandro','Betta','Baylie'),(315,'Kass','Jillayne','Hull'),(316,'Starr','','Sappy'),(317,'Gabriel','Vernon','Ivasechko'),(318,'Brent','','Bransdon'),(319,'Kathryne','','Ravilious'),(320,'Dorise','','Willbourne'),(321,'Dodie','','Tripon'),(322,'Lauritz','Hilary','Burnyate'),(323,'Alleyn','','Nowakowska'),(324,'Vernon','','Shurmore'),(325,'Milka','Laetitia','Phlippsen'),(326,'Dulci','Olympia','Mellmer'),(327,'Nicolea','Karrah','Honisch'),(328,'Melony','Evita','Stych'),(329,'Leonhard','','Whitter'),(330,'Rafaelia','Nathan','Mapes'),(331,'Krishna','Nancey','Chable'),(332,'Cristina','Clary','Clayborn'),(333,'Alister','Chelsie','Woodsford'),(334,'Melisandra','Carce','Josefowicz'),(335,'Ferguson','Prinz','Peirpoint'),(336,'Ryun','Mitchel','Reightley'),(337,'Ken','','Iacopetti'),(338,'Rosemary','Jermain','Pynn'),(339,'Lisetta','Wren','Harlin'),(340,'Melanie','Stacy','Ashforth'),(341,'Devy','Fidelio','Janczewski'),(342,'Gannie','Samuele','Josephsen'),(343,'Drucill','','Barbour'),(344,'Julietta','Yetty','O\'Hollegan'),(345,'Vyky','','MacRedmond'),(346,'Fergus','','Shergold'),(347,'Dareen','','Hansill'),(348,'Cointon','','Claiden'),(349,'Quillan','','Hixley'),(350,'Zeb','','Stirling'),(351,'Phil','Vincent','Wroughton'),(352,'Maria','','Cuerdale'),(353,'Sarah','Stacey','Dillamore'),(354,'Bondie','Daisie','James'),(355,'Bunnie','Elmo','Gettins'),(356,'Julina','Melesa','Streetley'),(357,'Ben','','Messier'),(358,'Rocky','Allyn','Magor'),(359,'Alwyn','','Menaul'),(360,'Maddy','Pansy','D\'Ambrogi'),(361,'Brandice','Junina','Grebert'),(362,'Mozes','','Grzeszczak'),(363,'Christie','Morganica','Silverson'),(364,'Armand','','Shuttell'),(365,'Tyson','Whitney','Thonason'),(366,'Antonella','Giffard','Graveson'),(367,'Bailey','Ariel','Huckerby'),(368,'Del','','Thrussell'),(369,'Dorice','Matthiew','Isley'),(370,'Cymbre','Killie','Summerson'),(371,'Samara','Jo-ann','Lanchester'),(372,'Fidole','Meta','Tonna'),(373,'Loree','Risa','Kilroy'),(374,'Lindsay','','Litt'),(375,'Merrilee','Holly-anne','Raxworthy'),(376,'Konrad','Royall','Reuble'),(377,'Brit','Laureen','Treby'),(378,'Rosanna','Bari','Marchenko'),(379,'Pearle','','Bendson'),(380,'Arlana','','Antunez'),(381,'Samara','','Kneesha'),(382,'Hulda','','Yakuntsov'),(383,'Jerry','','Chastaing'),(384,'Iorgo','Adah','Boddymead'),(385,'Monika','','Rault'),(386,'Bevvy','','Heddon'),(387,'Mariana','','Donati'),(388,'Kinsley','','Bridgestock'),(389,'Ilse','Hamlin','Martinec'),(390,'Katheryn','Dorita','Derx'),(391,'Tuck','Glyn','Leat'),(392,'Gustave','','Benedtti'),(393,'Marietta','','Cridlin'),(394,'Ellie','','Doulton'),(395,'Agathe','','Cunde'),(396,'Rosette','','Tander'),(397,'Carma','','Glede'),(398,'Carroll','Lorrin','Garrick'),(399,'Barclay','','Sambles'),(400,'Vail','Zaria','Phant'),(401,'Irita','','Matyashev'),(402,'Ranique','','Blaxill'),(403,'Yevette','Tiff','Molohan'),(404,'Che','Philly','Ivashnyov'),(405,'Kaela','Merry','Wynne'),(406,'Reinhold','','Merigeau'),(407,'Mel','','Tschirschky'),(408,'Amalle','','Ferrieres'),(409,'Conway','','Domoni'),(410,'Carlie','Kacie','Marti'),(411,'Gillan','','Olley'),(412,'Sullivan','Chloe','Branford'),(413,'Malanie','Jacenta','Bloggett'),(414,'Boote','Elonore','Forsdyke'),(415,'Remy','','Wreight'),(416,'Crystie','','Reasce'),(417,'Harriett','Niles','Avon'),(418,'Nat','Malvin','Gherardini'),(419,'Sheela','','McAline'),(420,'Haleigh','Renaud','Barrand'),(421,'Cookie','Maurise','Disbrow'),(422,'Hewie','Maximilian','Sives'),(423,'Desdemona','','Wadeson'),(424,'Aleece','Colas','Landell'),(425,'Marcelline','','Noor'),(426,'Walker','Frankie','Tremlett'),(427,'Valentino','Karena','Shrieve'),(428,'Jorey','','Waite'),(429,'Marylynne','Emeline','Scardifeild'),(430,'Susann','Junette','Loney'),(431,'Kellyann','','Treuge'),(432,'Gilbertine','','Aymeric'),(433,'Marlon','Travus','Ivachyov'),(434,'Gus','Tarah','Janauschek'),(435,'Frayda','','Rego'),(436,'Jayne','','Bocke'),(437,'Olivero','Wanids','Katt'),(438,'Vincenz','','Martinson'),(439,'Rafaelia','','Kendred'),(440,'Fayth','Vonnie','Lacer'),(441,'Cristobal','','Broggelli'),(442,'Tania','Ari','Wetter'),(443,'Tomaso','Holli','Adamsen'),(444,'Ericka','Elvera','Scarlan'),(445,'Benoit','Cherianne','Smyth'),(446,'Shane','Johannah','McGunley'),(447,'Lucine','Bridget','Jamieson'),(448,'Bobina','Aline','Kleinmintz'),(449,'Lorrie','','Loker'),(450,'Ignacio','Grace','Matyugin'),(451,'Cesare','Celka','Sellers'),(452,'Alwyn','Gene','McCorkindale'),(453,'Stafford','','Pinilla'),(454,'Ange','Vernor','Huckster'),(455,'Dinah','','Ashburner'),(456,'Gabbie','Tina','Riordan'),(457,'Gayler','','Maffin'),(458,'Gleda','Adelina','Thunders'),(459,'Binky','Stacie','Bengtsson'),(460,'Valaree','','Burril'),(461,'Robinette','','Grasner'),(462,'Veda','Lynne','Dorrington'),(463,'Venus','','Woolnough'),(464,'Dalia','Heywood','Wardall'),(465,'Ciro','Augustine','Went'),(466,'Mina','Hansiain','Ranson'),(467,'Weider','Tressa','Ducaen'),(468,'Barbie','Zara','Baser'),(469,'Salomon','Elonore','Gatward'),(470,'Kellyann','','Sebrook'),(471,'Chandler','Juan','Ivanchikov'),(472,'Pauline','Shalna','O\'Hederscoll'),(473,'Forrest','','Yeoman'),(474,'Marya','Linzy','Hawney'),(475,'Claiborn','','Kluss'),(476,'Sophia','','Mepsted'),(477,'Guillermo','','Cossom'),(478,'Steffi','Sigrid','Bletso'),(479,'Farlee','Cissiee','Wines'),(480,'Wallace','Terri','Duell'),(481,'George','Kania','Defew'),(482,'Sherye','Olympe','Burker'),(483,'Silvana','Elissa','Landers'),(484,'Rafferty','Nathaniel','Lanceter'),(485,'Teri','','Hinze'),(486,'Jacklyn','Frank','MacFadin'),(487,'Gustavo','Rudiger','Noquet'),(488,'Prescott','','Surgen'),(489,'Clemente','Lillis','Moughton'),(490,'Nico','Slade','O\'Kinneally'),(491,'Carmencita','','Huddlestone'),(492,'Grete','Gay','Dusey'),(493,'Daisie','','Gauson'),(494,'Kitty','','Smieton'),(495,'Ron','Udall','Ricart'),(496,'Cindy','Kirby','Verzey'),(497,'Jemmy','','Maciunas'),(498,'Everard','Aili','Nevison'),(499,'Cammi','Gun','Werndly'),(500,'Johanna','','Ciccotti'),(501,'Evelyn','Logan','Arnaudot'),(502,'Nevsa','','Curtain'),(503,'Lynnet','','Braim'),(504,'Beulah','Hettie','Deedes'),(505,'Fair','Salli','McCrainor'),(506,'Emmanuel','Petronilla','Bather'),(507,'Findley','Winny','Barz'),(508,'Aguie','','Kinze'),(509,'Vivianne','','Teager'),(510,'Vic','','Aspital'),(511,'Nick','Hughie','Cremen'),(512,'Averil','','Feaveer'),(513,'Freddy','','Lidgett'),(514,'Georgy','','Lewtey'),(515,'Agathe','Darnall','Bartelet'),(516,'Ethel','','Thandi'),(517,'Kasey','','Ferris'),(518,'Yolanda','Clementius','Valadez'),(519,'Nealon','Clayborne','Lumm'),(520,'Brinn','','Westphal'),(521,'Averyl','Faber','Odo'),(522,'Tobin','Ulysses','Janicki'),(523,'Byram','Barton','Meller'),(524,'Alfons','Stefano','Whitta'),(525,'Bernadette','Aland','Genn'),(526,'Reginauld','Ardyce','Matevosian'),(527,'Derby','Walton','McQuillin'),(528,'Carny','','Roscam'),(529,'Wright','Arlie','Aron'),(530,'Corrina','Marci','Kippin'),(531,'Ira','','Purnell'),(532,'Eddie','Carolus','Mungin'),(533,'Marje','Perceval','Siddons'),(534,'Carolan','Myrtle','Paling'),(535,'Rock','','Baff'),(536,'Vinny','','Niemiec'),(537,'Fae','Jess','O\'Shee'),(538,'Abdul','','Peniello'),(539,'Bobby','','Bennell'),(540,'Leonore','','Birnie'),(541,'Ivy','Miguel','Swynfen'),(542,'Priscilla','Clayborne','Bister'),(543,'Sisely','','Burgan'),(544,'Lorenzo','Merrilee','Ferencz'),(545,'Inigo','','Eger'),(546,'Gianna','','Agent'),(547,'Marven','','Iban'),(548,'Caril','Cherida','Billson'),(549,'Correy','','Goldfinch'),(550,'Mitchell','','Mantrip'),(551,'Tabbie','Jayme','Kimpton'),(552,'Brody','Fredelia','Langrick'),(553,'Deloria','Emmit','Matussow'),(554,'Letisha','','Lydon'),(555,'Pryce','Shay','Mulholland'),(556,'Gaelan','','Cleyburn'),(557,'Alessandra','Kirbie','Parsisson'),(558,'Freeland','','Sevier'),(559,'Lucy','Neddy','Domnick'),(560,'Izaak','Goddard','Beardshaw'),(561,'Araldo','Boothe','Meekings'),(562,'Bunny','Kettie','Dewerson'),(563,'Bobbie','Netta','Romain'),(564,'Claretta','','Kimberly'),(565,'Herbert','Iain','Barles'),(566,'Julie','Pearce','Wittrington'),(567,'Remington','','Petts'),(568,'Malia','','Fricker'),(569,'Jessy','Bill','Lippatt'),(570,'Willey','','Halloway'),(571,'Giacinta','Dimitri','Turner'),(572,'Parry','Nadiya','Swayne'),(573,'Milt','','Earwaker'),(574,'Malory','Stephannie','Garfoot'),(575,'Uriel','','Purrington'),(576,'Alexa','Appolonia','Ruperti'),(577,'Nata','Lemmy','Simacek'),(578,'Angelica','Brinna','Dainter'),(579,'Ber','Flem','Camellini'),(580,'Ede','','Ansley'),(581,'Erwin','Inigo','Bickmore'),(582,'Nathanial','Anthia','Eckley'),(583,'Vick','Adriana','Anthonsen'),(584,'Demetria','Ronna','Mattusevich'),(585,'Haleigh','Xenos','Grindle'),(586,'Amandi','Henrieta','Bruyns'),(587,'Haley','Piper','Jamison'),(588,'Lynett','','Turton'),(589,'Marjie','','Mowlam'),(590,'Saundra','Keary','Jellyman'),(591,'Vachel','','Tweedell'),(592,'Aubry','','MacCallam'),(593,'Zorah','','Tewkesberry'),(594,'Baird','Tiertza','Eallis'),(595,'Terence','Miran','Robardet'),(596,'Lilly','','Eslie'),(597,'Margie','Justina','Gatus'),(598,'David','','Henke'),(599,'Lew','','Croucher'),(600,'Lauren','Sherrie','Woodson'),(601,'Delano','','Feldmus'),(602,'Vick','Elane','Behnecken'),(603,'Rasia','','Reidshaw'),(604,'Nadine','Tamarah','Mosley'),(605,'Marcela','Colin','Gutherson'),(606,'Dorrie','Dannel','Ratazzi'),(607,'Yolanthe','','Pounsett'),(608,'Edik','','Snoxill'),(609,'Clive','','Ping'),(610,'Gael','Dena','Aartsen'),(611,'Glori','Jonie','Bellson'),(612,'Nikkie','','Cleaveland'),(613,'Janie','Gideon','Pennington'),(614,'Aldon','','Bubb'),(615,'Fifine','Veriee','Philot'),(616,'Elston','','Edon'),(617,'Lynette','','Millwater'),(618,'Savina','','Devoy'),(619,'Claudio','','Leeuwerink'),(620,'Gerek','','Polendine'),(621,'Hanny','','Dun'),(622,'Kori','Austen','Gossage'),(623,'Vince','','Neles'),(624,'Tedmund','','Stollsteiner'),(625,'L;urette','Glynis','Heads'),(626,'Ethe','Anstice','Loxdale'),(627,'Biron','Bertram','Worboy'),(628,'Alecia','Chucho','Menaul'),(629,'Urbain','Duffy','McGowing'),(630,'Angelita','Eimile','Markwelley'),(631,'Cornall','','Chrystal'),(632,'Lukas','Coriss','Paolino'),(633,'Kiri','','Ledner'),(634,'Christine','','Dunkirk'),(635,'Antonia','Caldwell','Collibear'),(636,'Sylvia','Wyn','Schruyers'),(637,'Wilow','Fabe','Vogl'),(638,'Jemmy','','Trevithick'),(639,'Torrie','','Thackeray'),(640,'Norrie','','Erik'),(641,'Korie','Leeann','Kacheller'),(642,'Patrice','','Verna'),(643,'Kyla','','Leuchars'),(644,'Sonny','','Tynan'),(645,'Tremayne','','Tregiddo'),(646,'Tatiania','Phaedra','Aitkin'),(647,'Agnola','Carson','Rutley'),(648,'Jorgan','Marline','Riccardelli'),(649,'Lorrin','Kerr','Cotgrove'),(650,'Nancy','','Brende'),(651,'Shem','','Paquet'),(652,'Melisent','Josiah','Nickels'),(653,'Betta','','Hacking'),(654,'Jenine','Kahaleel','Kopelman'),(655,'Hendrika','hello','Billingsley'),(656,'Lonna','','Widdowfield'),(657,'Anton','','Van Bruggen'),(658,'Pennie','Iona','Harraway'),(659,'Jillana','Karim','Saich'),(660,'Minnnie','','Tabert'),(661,'Mohandis','Charmine','Legg'),(662,'Tobi','','Keneforde'),(663,'Lettie','','Donnison'),(664,'Stephie','','Ainscough'),(665,'Minny','','Drowsfield'),(666,'Jolene','','Petrolli'),(667,'Jeanne','Jimmie','Borwick'),(668,'Carree','Munroe','Pullan'),(669,'Austin','','Castane'),(670,'Cullen','Willy','Mongan'),(671,'Bernete','Irina','Schapero'),(672,'Munmro','','Maytum'),(673,'Pearce','Mart','Hebblewhite'),(674,'Korella','','Deadman'),(675,'Rochella','Prudy','Damrell'),(676,'Essa','Jonie','Bruhnke'),(677,'Marissa','Ilyse','Rowlatt'),(678,'Sauncho','Holly-anne','Simonitto'),(679,'Enos','Gasper','Starkey'),(680,'Neel','','Dunster'),(681,'Freemon','Sandy','Pumphreys'),(682,'Hillary','Sherman','Reinert'),(683,'Ashlee','Garald','Lots'),(684,'Collette','','Landre'),(685,'Benedicta','','Heading'),(686,'Estell','Levy','MacPike'),(687,'Elna','Marysa','Farlane'),(688,'Bent','Yance','Braben'),(689,'Hamilton','Stephen','Officer'),(690,'Ellyn','Vaughn','Veeler'),(691,'Otto','Dyann','Casassa'),(692,'Karla','Hertha','Lukash'),(693,'Dmitri','','Sifflett'),(694,'Ayn','','Menauteau'),(695,'Isaiah','','Bradd'),(696,'Edgard','','Crimpe'),(697,'Quillan','','Penhearow'),(698,'Vincenty','','Giacobazzi'),(699,'Fianna','','Dockree'),(700,'Carlyle','','Gillbanks'),(701,'Queenie','','Billborough'),(702,'Karrie','','Keri'),(703,'Henri','Manfred','Tolossi'),(704,'Kincaid','Deedee','Lennard'),(705,'Hubey','Ted','Frodsam'),(706,'Cross','Vin','Holah'),(707,'Aubry','Cristiano','Coyish'),(708,'Derron','Laurena','Tinmouth'),(709,'Justus','','Breed'),(710,'Rosamond','Marta','Trahar'),(711,'Jens','Rogers','Gerbel'),(712,'Ebba','','Boal'),(713,'Marcelo','','Fearn'),(714,'Charis','','Demicoli'),(715,'Rosemarie','Richardo','Braxton'),(716,'Pru','Gavin','Skone'),(717,'Sonnie','Ashley','Mountfort'),(718,'Sandro','','Hitzmann'),(719,'Willabella','','Gerrit'),(720,'Wilmer','Towney','Bellchamber'),(721,'Ezechiel','','MacAlpin'),(722,'Gael','Sheba','Brookfield'),(723,'Reamonn','Penny','Puckrin'),(724,'Pepi','','Pook'),(725,'Holt','','July'),(726,'Llywellyn','','Jakubczyk'),(727,'Dre','','Greenhill'),(728,'Monica','Jermayne','Moulton'),(729,'Fifi','','Priestland'),(730,'Alicea','','Zealy'),(731,'Alfi','Othella','Josum'),(732,'Nonie','','Dalzell'),(733,'Elvera','Philippine','Dimeloe'),(734,'Lindon','','Wrangle'),(735,'Raddie','Kirstin','Krugmann'),(736,'Elwin','Fayre','Farr'),(737,'Leonhard','','Sorrie'),(738,'Jacquelyn','','Crickmore'),(739,'Britni','Gwenny','Aronov'),(740,'Tyrone','','McGrouther'),(741,'Arabele','Paxon','Deniset'),(742,'Glenden','Anselma','Croisdall'),(743,'Marlo','Loy','Tomasek'),(744,'Millard','Bartlett','Muino'),(745,'Silvana','','Lumbers'),(746,'Katti','Phil','Orrah'),(747,'Brandtr','Jackson','Ketchell'),(748,'Rakel','','Friman'),(749,'Connie','Alard','Quene'),(750,'Fanni','','Blancowe'),(751,'Roseanna','','Acors'),(752,'Merry','Faunie','Geillier'),(753,'Jeffie','Melinda','Rampton'),(754,'Angelica','','Tythe'),(755,'Sherman','','Mundow'),(756,'Licha','Nap','Perutto'),(757,'Ethelyn','','Sundin'),(758,'Benita','Nan','Larrosa'),(759,'Conn','Vere','Wessing'),(760,'Lindsy','Devonne','Jina'),(761,'Nan','','Lilleyman'),(762,'Luke','Aaron','Ronaghan'),(763,'Wandie','','Haresnape'),(764,'Windham','Kendal','Heersema'),(765,'Nananne','','Osman'),(766,'Annalise','Edeline','Ianiello'),(767,'Ajay','Sherill','Hughes'),(768,'Benedicto','','Shinton'),(769,'Hadria','','Bullas'),(770,'Lian','Junie','Boog'),(771,'Jerrilee','','Daburn'),(772,'Terrijo','Lucas','Nyssens'),(773,'Katy','','Artiss'),(774,'Sabina','','Western'),(775,'Harman','Courtenay','Bartalin'),(776,'Willem','','Ivanichev'),(777,'Gwenette','Chadd','Mathou'),(778,'Blair','Ky','Condell'),(779,'Pauly','Tresa','Sabbatier'),(780,'Cale','','Bleasdale'),(781,'Artemas','','Dugald'),(782,'Doy','Consalve','Gonnelly'),(783,'Chevy','Dorelia','Swadling'),(784,'Lanie','','Starton'),(785,'Adelice','Gilda','Hadaway'),(786,'Hillie','','Chantrell'),(787,'Matti','Winne','Fuster'),(788,'Bria','Babs','Caseley'),(789,'Emelyne','Beulah','Richmond'),(790,'Clem','Lotty','Hawkswood'),(791,'Ernestine','Padget','Bannon'),(792,'Abram','','Gunton'),(793,'Kerstin','','Dumbleton'),(794,'Keenan','Bridgette','Fawdry'),(795,'Ashien','','McGuff'),(796,'Stinky','Cayla','Cownden'),(797,'Deanna','Salomi','Rzehor'),(798,'Dani','','Tomson'),(799,'Jaquelin','','Feeney'),(800,'Gavrielle','','Simoneau'),(801,'Bendix','','Davidesco'),(802,'Ravid','','Meah'),(803,'Queenie','','Guiso'),(804,'Yasmeen','Mayer','Miskelly'),(805,'Hyacinthia','','Baillie'),(806,'Darnall','Riva','Benko'),(807,'Catlin','Ruperta','Seear'),(808,'Boyce','Alverta','Booy'),(809,'Dreddy','Derron','Langstaff'),(810,'Morgana','Roanna','Sharpley'),(811,'Gwendolen','','Durston'),(812,'Maris','','Garside'),(813,'Nita','','Phelipeau'),(814,'Banky','Pauli','de Marco'),(815,'Nannette','Teresita','Howchin'),(816,'Paulette','','Humbles'),(817,'Nicholas','Olivia','Dunphie'),(818,'Ozzy','Whitney','Fearenside'),(819,'Delinda','','Bagge'),(820,'Adolphus','','Hynes'),(821,'Katharina','Wilhelmina','Bryant'),(822,'Whitney','Ber','Wasielewicz'),(823,'Tamma','Yale','Dupoy'),(824,'Bevan','Ryon','Drance'),(825,'Tad','','Meijer'),(826,'Levey','','Kenwell'),(827,'Yorgo','','Moorfield'),(828,'Perceval','','Gawn'),(829,'Coop','Rafael','Simenet'),(830,'Kristin','Barrie','Wooder'),(831,'Samara','Beniamino','Schoenrock'),(832,'Hart','Harli','Santorini'),(833,'Cherilyn','Jerrilyn','Americi'),(834,'Tallou','Patrica','Elsegood'),(835,'Kort','','Eames'),(836,'Rebecka','Kylie','Besson'),(837,'Sheree','Charleen','Gallety'),(838,'Arlana','Josey','Garrow'),(839,'Laurella','','Stuther'),(840,'Ilario','Edy','Pimblotte'),(841,'Evangeline','Leonid','Anderson'),(842,'Madge','','Glassford'),(843,'Lian','Rudd','Gisbourn'),(844,'Dyna','','Hadfield'),(845,'Donal','','Leaburn'),(846,'Randall','','Lickorish'),(847,'Ambur','Gwenni','Ilyuchyov'),(848,'Bren','','MacGorley'),(849,'Rodie','','Fentem'),(850,'Stearn','','Aspden'),(851,'Stuart','','Locker'),(852,'Conway','Isabelita','Laskey'),(853,'Ellswerth','Nahum','Leisk'),(854,'Grete','','Dener'),(855,'Stanislaus','Lowell','McCullock'),(856,'Allene','Abeu','Pingstone'),(857,'Brigitte','Fax','Dibb'),(858,'Meyer','','Antoniou'),(859,'Bryn','Issiah','Rycraft'),(860,'Monique','','Ruskin'),(861,'Kelci','','Davioud'),(862,'Farr','Alison','Igoe'),(863,'Lesley','Filia','Palfreeman'),(864,'Alley','','Stoeck'),(865,'Austina','','Sherebrooke'),(866,'Rozanna','Damiano','Haggeth'),(867,'Hakeem','','Puttrell'),(868,'Jackie','','Astridge'),(869,'Derrek','Annis','Baylay'),(870,'Skipton','','Axelbey'),(871,'Patric','Mendel','Verty'),(872,'Kitty','Gray','Broadley'),(873,'Camella','Karel','Starford'),(874,'Creight','','Normanvell'),(875,'Basilius','','Latan'),(876,'Alonso','Dedra','Flaunier'),(877,'Winslow','Nana','Aiskovitch'),(878,'Merrill','Dorine','Heavy'),(879,'Vina','','Bisco'),(880,'Olivero','Cynthie','Strute'),(881,'Yvon','Viole','Giddons'),(882,'Delmer','Leland','Pingston'),(883,'Maje','Caryl','McFadin'),(884,'Mayer','','Willox'),(885,'Klara','','Loynes'),(886,'Carline','Windy','Lees'),(887,'Tedie','Sebastiano','Koubek'),(888,'Chris','','Foston'),(889,'Maddie','Gustave','Hould'),(890,'Michaelina','Mellisent','Pilmore'),(891,'Ashley','Cyndi','Casillis'),(892,'Stavros','Trace','Lindemann'),(893,'Anjanette','','Hasely'),(894,'Tracie','Bride','Ummfrey'),(895,'Denise','Reilly','Noni'),(896,'Garek','','Chiese'),(897,'Jany','Brade','Cordelle'),(898,'Von','Lyssa','Weaving'),(899,'Maurizia','Thibaud','Hannen'),(900,'Ilyssa','Umberto','Ferrulli'),(901,'Jerry','','Davidovic'),(902,'Chic','','Monketon'),(903,'Junina','Calvin','Billingsley'),(904,'Frank','','Spratt'),(905,'Kirk','Irwin','Tremmel'),(906,'Paulie','','Wragg'),(907,'Wit','Gael','Maskell'),(908,'Arlan','','Christie'),(909,'Maiga','Nikkie','Skingley'),(910,'Estele','','Hyndson'),(911,'Sheffy','','Manklow'),(912,'Cassandry','Edita','Sweeten'),(913,'Chilton','','Aldren'),(914,'Ettie','','Jarville'),(915,'Fiorenze','','Kanwell'),(916,'Dino','Kaine','Chastanet'),(917,'Norrie','Anastassia','Waterson'),(918,'Friedrich','Karlis','Bantick'),(919,'Sybille','','Brame'),(920,'Arielle','','Coysh'),(921,'Lyndsey','','Edelmann'),(922,'Jerrilyn','','Pibworth'),(923,'Antony','Melinda','Noon'),(924,'Dorette','Elane','Crasford'),(925,'Bird','Justen','Entwistle'),(926,'Fianna','Levon','Tomasino'),(927,'Louella','','Blaisdale'),(928,'Giralda','Cyrus','McKevin'),(929,'Kele','Crin','Wieprecht'),(930,'Dyanna','','Vane'),(931,'Joel','','Piller'),(932,'Lock','','Castelletto'),(933,'Caresa','Ives','McGuigan'),(934,'Garrik','Antonia','Petracchi'),(935,'Worth','Samantha','Holmyard'),(936,'Diannne','','Arens'),(937,'Trace','','Glanz'),(938,'Grantley','Lea','Vivash'),(939,'Orelia','','Bellringer'),(940,'Antonius','Carmel','Perfili'),(941,'Viki','Patrizius','Bartosinski'),(942,'Orville','Shellie','Calender'),(943,'Kent','Claudelle','Cundey'),(944,'Malissa','','Winscomb'),(945,'Elyn','Aimil','Sirey'),(946,'Chanda','','Leftridge'),(947,'Yoko','Masha','Pyson'),(948,'Edyth','','Osbiston'),(949,'Nedi','Selene','Skullet'),(950,'Berget','','Handyside'),(951,'Linnea','Gwendolyn','Canacott'),(952,'Maribel','','Foad'),(953,'Mortimer','Reginauld','Perassi'),(954,'Betteanne','Gabie','Dosdell'),(955,'Teador','Adela','Enever'),(956,'Titos','Betsey','Meo'),(957,'Rachele','','Garbett'),(958,'Emeline','','Bagot'),(959,'Wilek','Eleni','MacClancey'),(960,'Moises','Lida','Pomfrey'),(961,'Cathy','','Alelsandrovich'),(962,'Rosana','Nonna','Postgate'),(963,'Lorraine','','Culcheth'),(964,'Patric','Reina','Petrak'),(965,'Debra','Erda','Atcherley'),(966,'Rochell','','Fabry'),(967,'Marci','','Cardall'),(968,'Tani','','Edgcombe'),(969,'Shel','','Tillot'),(970,'Gaynor','','Rucklesse'),(971,'Asher','','Wasselin'),(972,'Ninnetta','Vitia','Heasman'),(973,'Cecilius','','Popelay'),(974,'Rhetta','Lisle','Hall-Gough'),(975,'Elsinore','','Cretney'),(976,'Annis','Chevalier','Zum Felde'),(977,'Merrel','Roberto','Sillwood'),(978,'Boy','Reeva','Elwyn'),(979,'Bryna','','Vaskov'),(980,'Brad','Sallyann','Clell'),(981,'Salomi','','Stockin'),(982,'Der','','Scarlan'),(983,'Shannen','Anna','Purselow'),(984,'Lilith','Alejandro','Childerhouse'),(985,'Karita','Brice','Risbridge'),(986,'Rosaline','','Bowker'),(987,'Joey','','Burt'),(988,'Marjory','','Holgan'),(989,'Adler','Urban','Beake'),(990,'Jon','Danni','Bolley'),(991,'Shawn','','Whetland'),(992,'Rhodie','Cross','Stovine'),(993,'Raimondo','','Hubbard'),(994,'Darcey','','Paolazzi'),(995,'Carlos','Jessy','Barsam'),(996,'Zared','Alan','Fontell'),(997,'Janeta','','Showers'),(998,'Carlen','','Bickle'),(999,'Selie','Susana','Dahl'),(1000,'Adina','','Demougeot'),(1081,'sanjay','n','modi'),(1083,'fh','kjebf','drkjgk');
/*!40000 ALTER TABLE `contact` ENABLE KEYS */;
UNLOCK TABLES;

--
-- Table structure for table `date`
--

DROP TABLE IF EXISTS `date`;
/*!40101 SET @saved_cs_client     = @@character_set_client */;
 SET character_set_client = utf8mb4 ;
CREATE TABLE `date` (
  `date_id` int(11) NOT NULL AUTO_INCREMENT,
  `contact_id` int(11) NOT NULL,
  `date_type` varchar(25) DEFAULT NULL,
  `date` date DEFAULT NULL,
  PRIMARY KEY (`date_id`),
  KEY `contact_id` (`contact_id`),
  CONSTRAINT `date_ibfk_1` FOREIGN KEY (`contact_id`) REFERENCES `contact` (`contact_id`)
) ENGINE=InnoDB AUTO_INCREMENT=622 DEFAULT CHARSET=utf8mb4 COLLATE=utf8mb4_0900_ai_ci;
/*!40101 SET character_set_client = @saved_cs_client */;

--
-- Dumping data for table `date`
--

LOCK TABLES `date` WRITE;
/*!40000 ALTER TABLE `date` DISABLE KEYS */;
INSERT INTO `date` VALUES (1,2,'birth','1986-06-07'),(2,3,'birth','1965-06-23'),(3,5,'birth','1972-05-11'),(4,6,'birth','1984-08-19'),(5,11,'birth','1987-05-13'),(6,12,'birth','1994-09-15'),(7,13,'birth','1974-11-26'),(8,14,'birth','1993-12-01'),(9,15,'birth','1986-12-30'),(10,23,'birth','1986-06-11'),(11,24,'birth','1996-04-27'),(12,25,'birth','1979-12-31'),(13,26,'birth','1994-02-25'),(14,27,'birth','1979-06-09'),(15,28,'birth','1978-11-06'),(16,30,'birth','1974-09-21'),(17,32,'birth','1971-12-02'),(18,34,'birth','1970-03-31'),(19,36,'birth','1981-02-06'),(20,37,'birth','1966-09-21'),(21,40,'birth','1989-08-18'),(22,42,'birth','1978-06-16'),(23,43,'birth','1979-12-24'),(24,44,'birth','1981-06-05'),(25,45,'birth','1983-05-07'),(26,46,'birth','1966-11-11'),(27,47,'birth','1969-08-06'),(28,48,'birth','1964-02-15'),(29,49,'birth','1965-03-09'),(30,50,'birth','1991-09-13'),(31,52,'birth','1977-02-17'),(32,54,'birth','1969-05-11'),(33,56,'birth','1967-11-07'),(34,58,'birth','1995-04-04'),(35,60,'birth','1974-07-09'),(36,62,'birth','1964-03-21'),(37,63,'birth','1977-02-02'),(38,64,'birth','1985-02-07'),(39,65,'birth','1978-03-14'),(40,68,'birth','1981-03-23'),(41,69,'birth','1994-11-15'),(42,71,'birth','1992-10-03'),(43,75,'birth','1970-08-13'),(44,77,'birth','1976-10-01'),(45,78,'birth','1990-02-06'),(46,81,'birth','1990-09-06'),(47,82,'birth','1985-03-14'),(48,83,'birth','1978-06-13'),(49,84,'birth','1991-03-24'),(50,87,'birth','1992-11-13'),(51,90,'birth','1993-07-09'),(52,91,'birth','1969-03-05'),(53,95,'birth','1965-02-20'),(54,96,'birth','1977-08-30'),(55,97,'birth','1992-06-21'),(56,98,'birth','1993-03-25'),(57,99,'birth','1969-03-21'),(58,101,'birth','1966-03-19'),(59,103,'birth','1969-05-23'),(60,105,'birth','1995-03-25'),(61,107,'birth','1993-04-11'),(62,108,'birth','1976-10-10'),(63,113,'birth','1964-11-17'),(64,115,'birth','1974-05-20'),(65,118,'birth','1978-07-10'),(66,122,'birth','1994-02-04'),(67,123,'birth','1980-03-14'),(68,126,'birth','1979-12-08'),(69,127,'birth','1978-09-27'),(70,128,'birth','1979-12-25'),(71,129,'birth','1989-04-27'),(72,130,'birth','1970-09-04'),(73,131,'birth','1969-12-28'),(74,132,'birth','1984-08-06'),(75,135,'birth','1964-02-28'),(76,136,'birth','1987-08-30'),(77,137,'birth','1968-09-01'),(78,139,'birth','1991-12-17'),(79,140,'birth','1972-03-15'),(80,141,'birth','1976-06-03'),(81,142,'birth','1982-02-13'),(82,143,'birth','1993-05-27'),(83,145,'birth','1964-12-02'),(84,147,'birth','1982-09-18'),(85,150,'birth','1977-02-10'),(86,151,'birth','1978-04-24'),(87,153,'birth','1985-04-06'),(88,156,'birth','1992-05-02'),(89,158,'birth','1974-11-08'),(90,159,'birth','1987-04-15'),(91,161,'birth','1972-09-24'),(92,164,'birth','1980-01-08'),(93,166,'birth','1971-05-10'),(94,168,'birth','1964-08-23'),(95,169,'birth','1992-09-29'),(96,171,'birth','1969-09-25'),(97,172,'birth','1984-09-22'),(98,175,'birth','1970-01-13'),(99,176,'birth','1981-06-27'),(100,181,'birth','1995-12-28'),(101,182,'birth','1964-06-29'),(102,183,'birth','1966-04-08'),(103,188,'birth','1988-06-26'),(104,189,'birth','1977-05-10'),(105,196,'birth','1965-07-09'),(106,198,'birth','1993-12-20'),(107,201,'birth','1996-01-03'),(108,202,'birth','1967-11-12'),(109,203,'birth','1973-10-08'),(110,204,'birth','1975-06-05'),(111,205,'birth','1974-06-13'),(112,207,'birth','1973-05-06'),(113,208,'birth','1981-02-08'),(114,209,'birth','1975-07-19'),(115,211,'birth','1972-10-05'),(116,212,'birth','1969-09-19'),(117,213,'birth','1977-04-16'),(118,214,'birth','1981-01-02'),(119,218,'birth','1990-11-30'),(120,219,'birth','1982-03-16'),(121,220,'birth','1971-05-25'),(122,223,'birth','1977-10-26'),(123,224,'birth','1971-09-11'),(124,225,'birth','1984-12-03'),(125,227,'birth','1965-10-29'),(126,230,'birth','1977-06-24'),(127,231,'birth','1979-08-17'),(128,232,'birth','1984-12-28'),(129,233,'birth','1970-12-06'),(130,234,'birth','1985-01-19'),(131,235,'birth','1981-03-25'),(132,236,'birth','1985-06-10'),(133,237,'birth','1993-01-27'),(134,239,'birth','1969-03-03'),(135,240,'birth','1992-04-01'),(136,242,'birth','1987-10-26'),(137,245,'birth','1990-03-25'),(138,248,'birth','1966-01-13'),(139,250,'birth','1970-03-02'),(140,251,'birth','1984-10-10'),(141,252,'birth','1977-09-23'),(142,253,'birth','1989-03-26'),(143,255,'birth','1971-07-17'),(144,259,'birth','1991-04-06'),(145,260,'birth','1969-10-17'),(146,261,'birth','1986-12-04'),(147,265,'birth','1976-09-28'),(148,266,'birth','1982-12-31'),(149,267,'birth','1992-06-14'),(150,268,'birth','1993-11-25'),(151,269,'birth','1991-03-06'),(152,270,'birth','1986-05-21'),(153,271,'birth','1964-02-14'),(154,272,'birth','1984-08-24'),(155,273,'birth','1963-10-31'),(156,274,'birth','1969-02-13'),(157,276,'birth','1966-06-22'),(158,278,'birth','1974-07-30'),(159,282,'birth','1979-10-08'),(160,283,'birth','1974-02-15'),(161,284,'birth','1992-01-25'),(162,286,'birth','1970-12-08'),(163,287,'birth','1965-07-02'),(164,289,'birth','1968-11-06'),(165,291,'birth','1971-04-27'),(166,292,'birth','1991-09-11'),(167,293,'birth','1982-12-11'),(168,295,'birth','1975-10-13'),(169,296,'birth','1996-01-02'),(170,298,'birth','1980-11-06'),(171,299,'birth','1974-06-29'),(172,301,'birth','1987-11-22'),(173,302,'birth','1964-01-08'),(174,304,'birth','1970-12-13'),(175,306,'birth','1981-09-20'),(176,308,'birth','1983-08-11'),(177,309,'birth','1991-02-15'),(178,310,'birth','1983-05-02'),(179,311,'birth','1979-10-24'),(180,313,'birth','1970-01-21'),(181,314,'birth','1994-08-06'),(182,315,'birth','1982-04-25'),(183,316,'birth','1966-10-03'),(184,317,'birth','1965-06-14'),(185,321,'birth','1991-08-11'),(186,323,'birth','1964-01-10'),(187,324,'birth','1966-02-19'),(188,325,'birth','1977-12-02'),(189,328,'birth','1991-06-10'),(190,329,'birth','1967-11-04'),(191,330,'birth','1978-12-26'),(192,331,'birth','1991-08-22'),(193,332,'birth','1996-04-01'),(194,334,'birth','1994-11-02'),(195,336,'birth','1971-04-08'),(196,337,'birth','1986-10-25'),(197,338,'birth','1974-02-02'),(198,339,'birth','1978-05-01'),(199,340,'birth','1975-03-26'),(200,343,'birth','1971-11-26'),(201,344,'birth','1977-08-24'),(202,347,'birth','1969-11-21'),(203,349,'birth','1978-11-30'),(204,350,'birth','1994-07-14'),(205,355,'birth','1988-04-09'),(206,359,'birth','1973-04-23'),(207,361,'birth','1965-04-09'),(208,362,'birth','1975-05-23'),(209,363,'birth','1974-04-11'),(210,365,'birth','1991-03-20'),(211,366,'birth','1982-04-21'),(212,367,'birth','1987-03-10'),(213,373,'birth','1980-10-10'),(214,374,'birth','1970-08-02'),(215,376,'birth','1973-02-13'),(216,377,'birth','1994-07-07'),(217,378,'birth','1990-03-22'),(218,379,'birth','1971-07-04'),(219,380,'birth','1983-04-19'),(220,383,'birth','1983-05-03'),(221,387,'birth','1982-11-18'),(222,388,'birth','1981-05-29'),(223,389,'birth','1980-05-10'),(224,390,'birth','1966-05-17'),(225,391,'birth','1980-12-24'),(226,392,'birth','1974-05-01'),(227,393,'birth','1970-01-04'),(228,394,'birth','1980-01-23'),(229,395,'birth','1989-08-10'),(230,396,'birth','1988-05-07'),(231,397,'birth','1966-12-12'),(232,398,'birth','1990-01-03'),(233,399,'birth','1979-06-11'),(234,401,'birth','1996-02-10'),(235,402,'birth','1966-04-02'),(236,406,'birth','1996-11-14'),(237,407,'birth','1967-12-12'),(238,408,'birth','1982-03-25'),(239,409,'birth','1976-03-27'),(240,411,'birth','1989-05-17'),(241,412,'birth','1969-04-04'),(242,415,'birth','1969-03-05'),(243,416,'birth','1965-10-20'),(244,417,'birth','1975-02-13'),(245,419,'birth','1979-03-11'),(246,421,'birth','1981-08-29'),(247,424,'birth','1994-03-13'),(248,426,'birth','1984-06-30'),(249,427,'birth','1968-04-09'),(250,429,'birth','1980-09-27'),(251,430,'birth','1982-03-11'),(252,431,'birth','1966-04-30'),(253,432,'birth','1977-09-14'),(254,438,'birth','1964-08-17'),(255,439,'birth','1968-12-11'),(256,440,'birth','1987-09-20'),(257,441,'birth','1989-04-16'),(258,442,'birth','1975-02-11'),(259,443,'birth','1994-12-19'),(260,444,'birth','1972-07-17'),(261,447,'birth','1973-07-05'),(262,448,'birth','1983-02-04'),(263,449,'birth','1977-05-08'),(264,450,'birth','1968-01-09'),(265,451,'birth','1989-07-02'),(266,452,'birth','1969-12-30'),(267,453,'birth','1968-02-17'),(268,455,'birth','1964-10-09'),(269,456,'birth','1982-12-19'),(270,458,'birth','1975-08-22'),(271,460,'birth','1977-06-05'),(272,461,'birth','1988-06-11'),(273,464,'birth','1991-07-10'),(274,465,'birth','1975-01-07'),(275,467,'birth','1994-03-26'),(276,468,'birth','1973-01-02'),(277,469,'birth','1976-10-27'),(278,470,'birth','1966-04-06'),(279,472,'birth','1972-08-13'),(280,473,'birth','1980-03-02'),(281,474,'birth','1987-06-20'),(282,476,'birth','1981-11-25'),(283,485,'birth','1974-12-03'),(284,486,'birth','1970-05-14'),(285,488,'birth','1995-09-29'),(286,489,'birth','1988-08-03'),(287,491,'birth','1970-09-12'),(288,492,'birth','1986-09-09'),(289,494,'birth','1974-04-24'),(290,495,'birth','1972-12-07'),(291,497,'birth','1970-02-12'),(292,498,'birth','1972-10-07'),(293,499,'birth','1989-01-14'),(294,501,'birth','1983-05-20'),(295,502,'birth','1976-08-11'),(296,504,'birth','1971-10-17'),(297,505,'birth','1966-06-23'),(298,506,'birth','1980-07-31'),(299,507,'birth','1979-05-31'),(300,508,'birth','1992-01-17'),(301,512,'birth','1989-05-14'),(302,513,'birth','1995-10-29'),(303,514,'birth','1972-10-25'),(304,515,'birth','1975-03-27'),(305,517,'birth','1992-09-07'),(306,518,'birth','1976-05-16'),(307,519,'birth','1982-12-01'),(308,520,'birth','1977-09-12'),(309,522,'birth','1986-05-12'),(310,525,'birth','1979-10-19'),(311,527,'birth','1963-12-23'),(312,529,'birth','1970-12-03'),(313,530,'birth','1979-03-08'),(314,532,'birth','1967-08-02'),(315,533,'birth','1982-02-21'),(316,534,'birth','1974-10-07'),(317,536,'birth','1986-08-23'),(318,537,'birth','1988-10-11'),(319,539,'birth','1967-09-06'),(320,540,'birth','1964-08-03'),(321,542,'birth','1986-01-21'),(322,547,'birth','1976-04-13'),(323,549,'birth','1996-08-24'),(324,553,'birth','1966-03-10'),(325,556,'birth','1991-04-30'),(326,557,'birth','1972-05-06'),(327,559,'birth','1980-07-13'),(328,560,'birth','1987-02-18'),(329,562,'birth','1975-10-24'),(330,565,'birth','1980-02-28'),(331,566,'birth','1982-01-03'),(332,570,'birth','1985-10-26'),(333,571,'birth','1979-11-23'),(334,573,'birth','1967-04-19'),(335,574,'birth','1982-12-31'),(336,575,'birth','1977-01-13'),(337,577,'birth','1985-12-26'),(338,578,'birth','1995-11-28'),(339,579,'birth','1966-12-05'),(340,582,'birth','1982-07-24'),(341,584,'birth','1996-05-23'),(342,585,'birth','1995-04-20'),(343,588,'birth','1976-11-16'),(344,589,'birth','1972-08-04'),(345,590,'birth','1970-03-28'),(346,591,'birth','1995-04-02'),(347,592,'birth','1966-10-10'),(348,593,'birth','1977-11-23'),(349,594,'birth','1969-08-31'),(350,597,'birth','1972-12-26'),(351,598,'birth','1995-03-23'),(352,601,'birth','1966-04-04'),(353,602,'birth','1982-09-12'),(354,603,'birth','1995-10-24'),(355,605,'birth','1986-10-24'),(356,608,'birth','1980-01-12'),(357,609,'birth','1996-12-22'),(358,610,'birth','1982-06-16'),(359,611,'birth','1996-02-16'),(360,613,'birth','1965-03-21'),(361,621,'birth','1969-06-03'),(362,622,'birth','1985-01-14'),(363,624,'birth','1984-08-26'),(364,628,'birth','1971-11-29'),(365,629,'birth','1983-12-12'),(366,631,'birth','1983-12-24'),(367,633,'birth','1992-05-04'),(368,634,'birth','1978-01-27'),(369,635,'birth','1986-10-20'),(370,636,'birth','1977-04-30'),(371,637,'birth','1966-10-13'),(372,638,'birth','1986-04-23'),(373,641,'birth','1990-09-27'),(374,642,'birth','1989-11-01'),(375,644,'birth','1984-03-07'),(376,645,'birth','1968-12-01'),(377,647,'birth','1988-09-09'),(378,648,'birth','1989-10-07'),(379,650,'birth','1994-03-25'),(380,652,'birth','1970-03-31'),(381,653,'birth','1975-08-25'),(382,654,'birth','1973-01-06'),(383,656,'birth','1970-04-16'),(384,657,'birth','1994-10-21'),(385,658,'birth','1977-04-29'),(386,659,'birth','1967-08-06'),(387,661,'birth','1972-08-27'),(388,667,'birth','1971-01-16'),(389,668,'birth','1982-11-20'),(390,669,'birth','1967-08-23'),(391,670,'birth','1989-10-20'),(392,672,'birth','1964-12-11'),(393,674,'birth','1969-10-30'),(394,675,'birth','1986-06-17'),(395,677,'birth','1969-02-16'),(396,679,'birth','1967-01-24'),(397,680,'birth','1981-06-14'),(398,681,'birth','1985-06-21'),(399,682,'birth','1966-07-15'),(400,683,'birth','1988-02-09'),(401,684,'birth','1987-06-22'),(402,686,'birth','1983-03-27'),(403,687,'birth','1988-02-10'),(404,688,'birth','1992-05-28'),(405,690,'birth','1984-08-16'),(406,692,'birth','1990-02-12'),(407,695,'birth','1983-06-28'),(408,696,'birth','1973-08-07'),(409,698,'birth','1977-06-16'),(410,699,'birth','1987-11-02'),(411,700,'birth','1965-04-19'),(412,701,'birth','1969-06-05'),(413,702,'birth','1964-12-03'),(414,703,'birth','1974-06-12'),(415,704,'birth','1983-09-02'),(416,706,'birth','1984-10-22'),(417,707,'birth','1967-04-29'),(418,708,'birth','1996-12-06'),(419,711,'birth','1987-08-09'),(420,712,'birth','1983-12-23'),(421,713,'birth','1983-04-05'),(422,714,'birth','1967-04-16'),(423,715,'birth','1966-09-23'),(424,716,'birth','1979-10-14'),(425,717,'birth','1992-11-17'),(426,720,'birth','1986-01-04'),(427,721,'birth','1977-10-18'),(428,722,'birth','1992-04-17'),(429,723,'birth','1994-06-03'),(430,724,'birth','1981-02-14'),(431,725,'birth','1977-12-21'),(432,726,'birth','1988-10-15'),(433,727,'birth','1968-04-12'),(434,728,'birth','1993-04-23'),(435,730,'birth','1990-08-12'),(436,732,'birth','1970-07-27'),(437,733,'birth','1980-08-18'),(438,734,'birth','1967-11-21'),(439,735,'birth','1994-07-30'),(440,741,'birth','1979-12-15'),(441,745,'birth','1996-09-23'),(442,747,'birth','1984-06-05'),(443,751,'birth','1984-04-14'),(444,752,'birth','1993-01-28'),(445,753,'birth','1984-07-08'),(446,754,'birth','1975-12-28'),(447,755,'birth','1978-02-05'),(448,756,'birth','1967-12-09'),(449,763,'birth','1978-11-04'),(450,766,'birth','1994-11-21'),(451,770,'birth','1993-08-13'),(452,771,'birth','1979-08-07'),(453,772,'birth','1992-04-10'),(454,773,'birth','1986-07-14'),(455,774,'birth','1981-12-28'),(456,775,'birth','1987-01-11'),(457,778,'birth','1986-01-07'),(458,779,'birth','1990-04-08'),(459,781,'birth','1995-01-15'),(460,783,'birth','1991-11-10'),(461,784,'birth','1980-01-19'),(462,785,'birth','1986-07-25'),(463,787,'birth','1982-11-13'),(464,788,'birth','1970-06-24'),(465,790,'birth','1978-01-08'),(466,791,'birth','1973-12-24'),(467,793,'birth','1971-07-06'),(468,795,'birth','1989-12-11'),(469,796,'birth','1992-01-23'),(470,797,'birth','1992-03-20'),(471,799,'birth','1970-08-15'),(472,800,'birth','1975-07-12'),(473,803,'birth','1993-12-23'),(474,804,'birth','1968-03-18'),(475,806,'birth','1970-02-21'),(476,810,'birth','1977-02-09'),(477,811,'birth','1973-08-28'),(478,812,'birth','1969-04-25'),(479,813,'birth','1980-03-30'),(480,816,'birth','1971-09-23'),(481,817,'birth','1971-11-25'),(482,820,'birth','1986-04-10'),(483,821,'birth','1991-09-09'),(484,824,'birth','1996-10-19'),(485,826,'birth','1977-02-13'),(486,827,'birth','1986-03-22'),(487,828,'birth','1987-05-14'),(488,830,'birth','1978-04-10'),(489,832,'birth','1984-04-01'),(490,833,'birth','1972-03-17'),(491,834,'birth','1969-09-07'),(492,835,'birth','1965-09-03'),(493,841,'birth','1992-02-05'),(494,843,'birth','1971-03-17'),(495,847,'birth','1975-03-02'),(496,850,'birth','1982-06-01'),(497,851,'birth','1994-06-10'),(498,852,'birth','1976-04-08'),(499,854,'birth','1996-03-26'),(500,855,'birth','1967-01-11'),(501,857,'birth','1979-09-05'),(502,858,'birth','1995-11-05'),(503,859,'birth','1976-11-12'),(504,860,'birth','1987-04-10'),(505,861,'birth','1978-09-17'),(506,864,'birth','1967-03-16'),(507,865,'birth','1986-01-05'),(508,867,'birth','1978-03-06'),(509,868,'birth','1978-02-22'),(510,869,'birth','1979-11-05'),(511,870,'birth','1986-12-28'),(512,871,'birth','1964-06-05'),(513,873,'birth','1983-11-29'),(514,874,'birth','1992-12-29'),(515,875,'birth','1967-05-17'),(516,878,'birth','1982-11-27'),(517,879,'birth','1982-06-09'),(518,880,'birth','1990-12-30'),(519,881,'birth','1978-01-02'),(520,882,'birth','1986-11-20'),(521,884,'birth','1981-11-22'),(522,888,'birth','1978-04-07'),(523,890,'birth','1969-09-05'),(524,891,'birth','1965-05-26'),(525,894,'birth','1982-06-11'),(526,896,'birth','1996-10-20'),(527,898,'birth','1996-07-23'),(528,900,'birth','1996-03-12'),(529,901,'birth','1991-04-29'),(530,902,'birth','1971-10-16'),(531,903,'birth','1990-05-31'),(532,906,'birth','1975-04-17'),(533,907,'birth','1989-06-05'),(534,909,'birth','1996-08-10'),(535,910,'birth','1968-10-22'),(536,912,'birth','1988-07-10'),(537,913,'birth','1974-02-21'),(538,914,'birth','1991-09-28'),(539,915,'birth','1986-06-09'),(540,918,'birth','1974-05-04'),(541,919,'birth','1982-03-31'),(542,920,'birth','1989-01-25'),(543,921,'birth','1982-09-13'),(544,922,'birth','1973-03-15'),(545,923,'birth','1966-05-16'),(546,925,'birth','1968-12-06'),(547,926,'birth','1974-01-10'),(548,927,'birth','1970-08-05'),(549,930,'birth','1982-11-24'),(550,931,'birth','1987-04-13'),(551,933,'birth','1985-05-14'),(552,935,'birth','1982-08-06'),(553,937,'birth','1980-10-31'),(554,939,'birth','1983-04-03'),(555,941,'birth','1975-05-12'),(556,942,'birth','1996-06-04'),(557,944,'birth','1982-12-17'),(558,947,'birth','1995-07-17'),(559,948,'birth','1974-05-30'),(560,949,'birth','1995-07-25'),(561,950,'birth','1978-08-28'),(562,953,'birth','1969-08-22'),(563,954,'birth','1978-03-10'),(564,955,'birth','1966-10-05'),(565,958,'birth','1993-09-04'),(566,960,'birth','1972-01-29'),(567,964,'birth','1989-05-15'),(568,965,'birth','1971-04-29'),(569,967,'birth','1972-10-28'),(570,969,'birth','1996-07-11'),(571,970,'birth','1986-12-21'),(572,972,'birth','1980-12-18'),(573,974,'birth','1970-04-29'),(574,977,'birth','1985-01-08'),(575,980,'birth','1985-08-15'),(576,981,'birth','1976-03-05'),(577,982,'birth','1978-03-01'),(578,983,'birth','1992-05-17'),(579,984,'birth','1983-02-25'),(580,985,'birth','1972-12-10'),(581,986,'birth','1970-04-02'),(582,987,'birth','1978-08-17'),(583,993,'birth','1989-05-15'),(584,994,'birth','1996-02-05'),(585,995,'birth','1971-07-05'),(586,996,'birth','1995-12-31'),(587,998,'birth','1993-03-07'),(588,999,'birth','1977-08-12'),(596,655,'birth','1998-03-12'),(597,655,'birth','1990-12-13'),(621,1083,'birth','1999-12-12');
/*!40000 ALTER TABLE `date` ENABLE KEYS */;
UNLOCK TABLES;

--
-- Table structure for table `phone`
--

DROP TABLE IF EXISTS `phone`;
/*!40101 SET @saved_cs_client     = @@character_set_client */;
 SET character_set_client = utf8mb4 ;
CREATE TABLE `phone` (
  `phone_id` int(11) NOT NULL AUTO_INCREMENT,
  `contact_id` int(11) NOT NULL,
  `phone_type` varchar(25) DEFAULT NULL,
  `area_code` varchar(3) DEFAULT NULL,
  `number` varchar(8) DEFAULT NULL,
  PRIMARY KEY (`phone_id`),
  KEY `contact_id` (`contact_id`),
  CONSTRAINT `phone_ibfk_1` FOREIGN KEY (`contact_id`) REFERENCES `contact` (`contact_id`)
) ENGINE=InnoDB AUTO_INCREMENT=2116 DEFAULT CHARSET=utf8mb4 COLLATE=utf8mb4_0900_ai_ci;
/*!40101 SET character_set_client = @saved_cs_client */;

--
-- Dumping data for table `phone`
--

LOCK TABLES `phone` WRITE;
/*!40000 ALTER TABLE `phone` DISABLE KEYS */;
INSERT INTO `phone` VALUES (1,2,'home','441','557-2835'),(2,3,'home','998','239-4082'),(3,5,'home','317','756-0975'),(4,10,'home','449','971-7759'),(5,11,'home','790','832-4539'),(6,12,'home','812','671-2569'),(7,14,'home','454','730-8259'),(8,16,'home','629','438-4169'),(9,17,'home','804','209-6009'),(10,22,'home','130','493-8381'),(11,23,'home','234','782-3406'),(12,24,'home','387','995-2640'),(13,29,'home','388','488-7596'),(14,30,'home','744','544-2543'),(15,32,'home','742','302-1759'),(16,33,'home','154','670-0891'),(17,35,'home','656','894-9957'),(18,38,'home','581','510-2303'),(19,39,'home','280','345-6777'),(20,40,'home','549','882-4758'),(21,41,'home','955','332-1578'),(22,43,'home','935','397-8398'),(23,46,'home','438','558-8607'),(24,47,'home','551','539-6647'),(25,49,'home','453','222-0717'),(26,50,'home','848','699-3800'),(27,52,'home','567','135-0102'),(28,53,'home','462','845-3036'),(29,55,'home','378','682-1902'),(30,56,'home','765','701-9463'),(31,57,'home','324','319-1885'),(32,63,'home','188','450-8080'),(33,65,'home','758','101-8619'),(34,66,'home','647','325-5036'),(35,69,'home','721','974-7317'),(36,70,'home','359','310-9403'),(37,77,'home','258','960-2550'),(38,78,'home','738','434-8751'),(39,82,'home','761','508-2579'),(40,88,'home','760','702-3529'),(41,89,'home','454','192-9694'),(42,93,'home','800','490-0502'),(43,95,'home','804','522-4722'),(44,96,'home','514','186-3739'),(45,100,'home','870','885-1418'),(46,103,'home','369','238-2038'),(47,108,'home','166','513-3272'),(48,109,'home','725','966-9431'),(49,110,'home','768','841-9661'),(50,114,'home','443','590-1681'),(51,117,'home','728','382-1377'),(52,119,'home','862','580-2697'),(53,122,'home','222','357-9889'),(54,123,'home','841','389-7758'),(55,124,'home','527','999-5145'),(56,125,'home','971','724-5844'),(57,126,'home','720','767-5395'),(58,128,'home','204','136-9355'),(59,129,'home','395','815-2605'),(60,131,'home','950','735-9534'),(61,133,'home','603','378-9604'),(62,135,'home','195','591-2761'),(63,139,'home','657','665-0989'),(64,140,'home','594','100-8807'),(65,141,'home','936','470-8740'),(66,142,'home','224','628-0332'),(67,146,'home','596','594-6343'),(68,148,'home','974','202-6083'),(69,149,'home','620','317-5161'),(70,150,'home','361','857-2319'),(71,151,'home','474','264-4928'),(72,152,'home','821','859-4219'),(73,153,'home','319','230-9127'),(74,156,'home','539','870-5632'),(75,157,'home','910','727-3016'),(76,158,'home','600','258-1532'),(77,160,'home','963','529-5711'),(78,161,'home','994','199-8435'),(79,164,'home','702','101-1841'),(80,165,'home','505','562-5213'),(81,172,'home','347','874-4660'),(82,174,'home','793','559-9408'),(83,175,'home','120','469-6580'),(84,177,'home','450','962-3731'),(85,178,'home','918','917-1949'),(86,179,'home','118','992-2961'),(87,181,'home','264','266-4036'),(88,183,'home','448','875-4499'),(89,185,'home','409','492-7295'),(90,188,'home','156','986-1385'),(91,190,'home','846','697-1049'),(92,191,'home','616','408-2685'),(93,192,'home','593','872-0141'),(94,193,'home','719','433-1940'),(95,195,'home','435','497-6117'),(96,196,'home','638','228-7039'),(97,198,'home','541','972-9215'),(98,199,'home','928','585-8252'),(99,200,'home','384','681-2575'),(100,201,'home','915','909-0320'),(101,202,'home','660','223-6277'),(102,203,'home','628','961-4631'),(103,204,'home','547','604-7582'),(104,205,'home','422','166-8360'),(105,206,'home','854','288-5241'),(106,208,'home','521','390-3859'),(107,209,'home','217','357-8603'),(108,210,'home','305','505-9304'),(109,211,'home','131','554-7673'),(110,213,'home','771','537-3767'),(111,216,'home','828','378-2541'),(112,219,'home','570','326-2552'),(113,220,'home','193','474-2547'),(114,225,'home','919','608-1138'),(115,226,'home','801','150-6562'),(116,229,'home','653','718-0691'),(117,230,'home','954','591-2566'),(118,232,'home','209','856-5568'),(119,233,'home','498','916-0531'),(120,234,'home','952','702-7639'),(121,235,'home','873','763-9477'),(122,239,'home','360','261-3677'),(123,242,'home','216','219-8508'),(124,245,'home','643','581-4018'),(125,246,'home','898','311-4913'),(126,248,'home','352','617-0424'),(127,249,'home','738','575-1532'),(128,252,'home','216','128-4604'),(129,253,'home','393','933-6921'),(130,254,'home','619','985-1726'),(131,256,'home','563','898-4407'),(132,258,'home','593','520-4976'),(133,260,'home','798','645-1435'),(134,262,'home','212','363-6520'),(135,264,'home','135','793-7070'),(136,266,'home','607','945-9621'),(137,267,'home','439','612-2673'),(138,269,'home','226','768-0943'),(139,270,'home','731','819-7090'),(140,271,'home','260','252-9568'),(141,273,'home','768','515-3346'),(142,278,'home','102','472-6185'),(143,280,'home','902','975-0670'),(144,281,'home','144','795-1499'),(145,282,'home','443','211-9294'),(146,284,'home','255','751-4399'),(147,285,'home','873','123-1637'),(148,289,'home','524','230-9991'),(149,290,'home','150','580-3358'),(150,291,'home','614','466-2418'),(151,294,'home','722','851-7661'),(152,303,'home','590','859-9229'),(153,304,'home','708','700-4378'),(154,305,'home','484','275-6972'),(155,308,'home','416','967-8297'),(156,310,'home','120','867-6346'),(157,311,'home','917','730-3401'),(158,312,'home','402','771-7293'),(159,314,'home','132','352-4939'),(160,316,'home','998','366-3986'),(161,319,'home','795','348-8410'),(162,320,'home','517','484-8461'),(163,322,'home','106','320-8656'),(164,323,'home','175','139-8966'),(165,324,'home','114','109-2699'),(166,325,'home','416','527-9411'),(167,327,'home','701','951-6627'),(168,328,'home','113','833-7850'),(169,330,'home','115','407-9844'),(170,332,'home','225','868-9797'),(171,334,'home','186','407-9924'),(172,336,'home','337','994-7403'),(173,337,'home','740','161-2202'),(174,339,'home','142','284-8389'),(175,341,'home','448','993-3474'),(176,342,'home','857','707-7664'),(177,344,'home','883','242-4398'),(178,345,'home','919','323-1257'),(179,346,'home','538','735-6171'),(180,347,'home','647','127-4086'),(181,348,'home','346','244-6524'),(182,349,'home','934','421-9357'),(183,350,'home','405','347-9722'),(184,358,'home','209','535-2702'),(185,359,'home','266','263-9469'),(186,360,'home','730','107-2205'),(187,364,'home','582','749-6687'),(188,366,'home','666','756-7464'),(189,370,'home','789','400-2515'),(190,373,'home','725','649-0235'),(191,374,'home','668','288-6001'),(192,375,'home','596','847-5055'),(193,377,'home','707','357-7631'),(194,379,'home','815','424-8560'),(195,384,'home','728','482-0392'),(196,385,'home','204','119-8973'),(197,387,'home','974','355-1991'),(198,388,'home','792','798-2012'),(199,389,'home','265','831-5801'),(200,390,'home','667','288-6212'),(201,391,'home','594','957-5867'),(202,393,'home','440','289-8057'),(203,397,'home','500','159-1166'),(204,399,'home','915','417-5581'),(205,408,'home','648','571-4202'),(206,410,'home','286','187-4570'),(207,413,'home','942','462-9310'),(208,424,'home','139','715-3022'),(209,426,'home','449','253-1352'),(210,427,'home','277','894-6191'),(211,429,'home','212','241-1047'),(212,430,'home','611','586-0987'),(213,431,'home','730','827-7962'),(214,435,'home','199','584-8576'),(215,439,'home','931','165-9882'),(216,440,'home','700','469-3191'),(217,446,'home','164','838-5185'),(218,447,'home','637','306-2368'),(219,449,'home','698','666-5675'),(220,452,'home','416','513-9185'),(221,455,'home','429','183-1898'),(222,456,'home','913','290-1029'),(223,457,'home','195','834-7955'),(224,463,'home','483','761-7372'),(225,465,'home','567','770-1111'),(226,467,'home','214','352-6381'),(227,468,'home','534','154-8618'),(228,469,'home','667','447-8000'),(229,470,'home','170','938-9058'),(230,472,'home','164','380-7212'),(231,475,'home','937','135-2004'),(232,476,'home','706','286-6061'),(233,477,'home','863','503-0563'),(234,479,'home','472','232-5210'),(235,482,'home','121','934-9403'),(236,485,'home','685','409-9085'),(237,486,'home','868','426-8082'),(238,487,'home','509','521-4735'),(239,488,'home','166','631-6630'),(240,489,'home','977','663-9183'),(241,491,'home','128','320-9244'),(242,492,'home','648','244-7436'),(243,496,'home','138','648-7465'),(244,499,'home','813','512-1295'),(245,500,'home','470','797-9418'),(246,501,'home','397','796-6693'),(247,505,'home','499','508-8416'),(248,506,'home','986','373-5019'),(249,508,'home','707','106-4739'),(250,509,'home','657','510-8911'),(251,510,'home','202','783-0750'),(252,516,'home','454','731-4647'),(253,517,'home','757','797-0053'),(254,518,'home','288','615-0105'),(255,519,'home','256','874-6101'),(256,522,'home','446','878-4707'),(257,523,'home','709','162-0392'),(258,525,'home','934','357-9610'),(259,526,'home','831','399-6098'),(260,530,'home','538','703-0206'),(261,531,'home','465','668-2750'),(262,532,'home','438','242-3353'),(263,534,'home','124','723-9834'),(264,537,'home','722','931-7082'),(265,538,'home','696','784-7980'),(266,539,'home','880','723-9347'),(267,541,'home','762','657-3787'),(268,542,'home','313','526-5569'),(269,543,'home','215','128-1209'),(270,545,'home','730','706-4982'),(271,548,'home','154','687-4059'),(272,549,'home','553','521-3453'),(273,552,'home','706','458-4328'),(274,553,'home','558','206-7434'),(275,554,'home','571','222-3859'),(276,555,'home','462','374-8922'),(277,556,'home','794','481-3272'),(278,558,'home','338','971-3228'),(279,560,'home','910','813-6415'),(280,561,'home','113','984-8287'),(281,562,'home','202','953-8690'),(282,563,'home','993','579-8257'),(283,570,'home','510','509-1271'),(284,572,'home','133','648-4677'),(285,573,'home','166','250-7186'),(286,576,'home','263','210-4517'),(287,577,'home','612','204-4153'),(288,578,'home','264','549-2023'),(289,579,'home','543','388-7040'),(290,580,'home','841','238-2109'),(291,581,'home','537','736-7621'),(292,582,'home','623','677-2825'),(293,584,'home','892','538-2055'),(294,588,'home','340','852-3223'),(295,593,'home','421','831-3543'),(296,595,'home','413','531-8434'),(297,597,'home','617','481-3465'),(298,598,'home','170','556-7855'),(299,599,'home','600','451-2532'),(300,601,'home','421','197-2033'),(301,604,'home','670','655-9341'),(302,606,'home','737','958-9439'),(303,609,'home','164','223-0877'),(304,614,'home','922','240-3086'),(305,616,'home','618','796-9938'),(306,619,'home','249','709-9202'),(307,620,'home','661','692-3911'),(308,621,'home','853','546-9822'),(309,625,'home','611','461-4174'),(310,627,'home','504','352-0892'),(311,629,'home','354','471-8412'),(312,630,'home','294','658-2004'),(313,637,'home','848','962-9031'),(314,638,'home','893','613-4964'),(315,639,'home','988','582-1746'),(316,645,'home','487','123-8854'),(317,646,'home','615','152-0368'),(318,647,'home','922','600-3983'),(319,649,'home','206','963-7826'),(321,659,'home','231','279-4678'),(322,661,'home','995','487-6226'),(323,663,'home','233','168-1541'),(324,666,'home','604','829-8721'),(325,669,'home','429','351-3856'),(326,674,'home','506','215-3265'),(327,675,'home','425','984-6018'),(328,676,'home','576','848-4382'),(329,677,'home','821','923-5298'),(330,679,'home','205','861-9844'),(331,682,'home','196','291-3176'),(332,683,'home','685','128-6858'),(333,684,'home','304','705-4385'),(334,686,'home','455','243-8795'),(335,688,'home','839','383-0122'),(336,689,'home','415','325-9256'),(337,690,'home','374','172-8318'),(338,694,'home','731','234-9537'),(339,700,'home','464','824-7570'),(340,703,'home','533','430-2247'),(341,704,'home','206','411-4699'),(342,705,'home','488','999-9988'),(343,706,'home','908','793-1053'),(344,709,'home','714','151-5616'),(345,710,'home','313','874-1285'),(346,712,'home','272','133-6169'),(347,713,'home','743','462-6487'),(348,716,'home','415','399-0433'),(349,717,'home','565','700-1642'),(350,719,'home','359','471-4507'),(351,720,'home','672','355-8595'),(352,721,'home','390','895-2549'),(353,722,'home','645','236-8045'),(354,723,'home','526','739-2732'),(355,727,'home','963','468-8531'),(356,728,'home','362','702-8075'),(357,730,'home','473','852-0193'),(358,731,'home','305','237-3915'),(359,732,'home','643','617-2212'),(360,733,'home','467','386-2020'),(361,735,'home','823','232-4278'),(362,736,'home','957','691-3150'),(363,738,'home','279','884-5244'),(364,739,'home','395','756-3515'),(365,741,'home','432','943-2237'),(366,742,'home','175','176-2824'),(367,743,'home','585','672-2449'),(368,747,'home','761','787-3129'),(369,751,'home','550','782-4535'),(370,752,'home','113','243-0751'),(371,753,'home','651','398-9878'),(372,758,'home','699','592-2201'),(373,759,'home','916','874-2835'),(374,761,'home','893','325-8654'),(375,765,'home','131','239-6896'),(376,769,'home','815','464-7708'),(377,773,'home','638','201-7276'),(378,774,'home','763','441-0092'),(379,775,'home','636','748-3132'),(380,780,'home','961','814-7422'),(381,782,'home','818','918-9740'),(382,784,'home','446','158-9664'),(383,785,'home','665','826-5055'),(384,789,'home','611','949-7678'),(385,791,'home','677','469-9455'),(386,792,'home','399','360-8637'),(387,793,'home','221','309-4868'),(388,794,'home','218','700-3506'),(389,795,'home','797','168-6816'),(390,799,'home','778','903-7321'),(391,802,'home','337','743-5462'),(392,803,'home','216','162-9865'),(393,809,'home','616','874-6016'),(394,810,'home','274','991-0736'),(395,813,'home','397','216-0932'),(396,814,'home','335','651-6531'),(397,815,'home','551','153-8333'),(398,817,'home','191','475-1188'),(399,818,'home','467','709-3343'),(400,823,'home','310','311-3404'),(401,825,'home','953','890-4936'),(402,827,'home','692','336-4421'),(403,829,'home','454','608-7736'),(404,830,'home','617','789-0523'),(405,831,'home','920','275-8249'),(406,835,'home','264','862-5184'),(407,836,'home','512','144-3570'),(408,837,'home','851','978-8586'),(409,840,'home','897','994-6381'),(410,842,'home','283','318-2108'),(411,846,'home','986','267-9674'),(412,848,'home','330','113-5710'),(413,849,'home','443','123-5572'),(414,851,'home','752','834-6762'),(415,852,'home','511','122-4019'),(416,853,'home','126','341-6977'),(417,854,'home','108','514-3652'),(418,855,'home','582','315-1074'),(419,857,'home','235','103-6400'),(420,865,'home','493','614-2925'),(421,867,'home','480','399-2911'),(422,869,'home','547','446-2676'),(423,871,'home','145','506-0145'),(424,873,'home','728','983-3433'),(425,874,'home','161','603-6586'),(426,875,'home','783','591-8077'),(427,879,'home','408','789-0878'),(428,880,'home','959','851-9998'),(429,882,'home','541','668-3252'),(430,884,'home','513','213-1327'),(431,885,'home','413','849-9432'),(432,887,'home','109','881-7428'),(433,888,'home','843','291-2521'),(434,889,'home','694','542-6583'),(435,890,'home','305','646-2294'),(436,892,'home','853','520-5515'),(437,896,'home','908','891-9403'),(438,900,'home','154','481-7732'),(439,904,'home','316','661-6134'),(440,905,'home','610','849-7960'),(441,906,'home','314','674-6210'),(442,907,'home','906','962-3914'),(443,909,'home','132','481-0108'),(444,910,'home','974','937-3200'),(445,914,'home','180','246-3349'),(446,917,'home','753','897-6727'),(447,920,'home','937','153-8251'),(448,921,'home','555','665-3833'),(449,926,'home','829','485-3783'),(450,929,'home','827','347-0145'),(451,930,'home','428','432-7721'),(452,932,'home','783','499-5995'),(453,937,'home','682','231-9147'),(454,938,'home','733','509-1047'),(455,940,'home','730','957-6065'),(456,943,'home','865','577-7549'),(457,945,'home','210','180-3931'),(458,948,'home','672','415-3314'),(459,950,'home','760','557-9463'),(460,951,'home','536','903-4795'),(461,953,'home','101','910-0766'),(462,954,'home','359','899-2375'),(463,957,'home','400','904-9947'),(464,958,'home','122','806-0688'),(465,960,'home','201','306-1291'),(466,962,'home','333','404-2278'),(467,966,'home','320','324-1739'),(468,967,'home','141','469-5864'),(469,968,'home','657','976-1268'),(470,969,'home','457','890-2399'),(471,972,'home','236','716-1495'),(472,974,'home','611','473-9520'),(473,975,'home','118','808-6105'),(474,976,'home','444','807-2663'),(475,977,'home','189','943-3809'),(476,978,'home','627','850-8581'),(477,984,'home','164','120-1050'),(478,988,'home','194','870-5733'),(479,994,'home','597','896-7953'),(480,995,'home','456','537-7814'),(481,996,'home','121','713-2260'),(482,997,'home','311','345-4648'),(483,1000,'home','851','955-4193'),(484,1,'cell','732','392-7165'),(485,2,'cell','907','913-3698'),(486,3,'cell','637','715-3867'),(487,4,'cell','359','747-1907'),(488,5,'cell','543','710-0843'),(489,6,'cell','227','992-2900'),(490,7,'cell','181','781-9784'),(491,8,'cell','871','791-7851'),(492,9,'cell','933','257-7616'),(493,10,'cell','747','303-4705'),(494,11,'cell','423','257-0444'),(495,12,'cell','537','987-3004'),(496,13,'cell','994','189-5386'),(497,14,'cell','223','746-7737'),(498,15,'cell','769','740-9664'),(499,16,'cell','275','477-5499'),(500,17,'cell','272','367-4116'),(501,18,'cell','770','282-5502'),(502,19,'cell','131','155-6846'),(503,20,'cell','452','967-2050'),(504,21,'cell','310','517-1998'),(505,22,'cell','905','442-0240'),(506,23,'cell','886','702-1908'),(507,24,'cell','562','617-1312'),(508,25,'cell','873','511-6075'),(509,26,'cell','826','297-4157'),(510,27,'cell','770','453-6125'),(511,28,'cell','806','105-9954'),(512,29,'cell','899','522-4338'),(513,30,'cell','993','228-0137'),(514,31,'cell','939','693-0069'),(515,32,'cell','330','860-4567'),(516,34,'cell','189','158-2552'),(517,35,'cell','929','650-9987'),(518,36,'cell','713','373-4369'),(519,37,'cell','708','580-5566'),(520,38,'cell','544','254-3783'),(521,39,'cell','918','967-1567'),(522,40,'cell','441','572-3400'),(523,41,'cell','798','797-3341'),(524,42,'cell','519','774-5168'),(525,43,'cell','808','824-0672'),(526,44,'cell','584','539-0112'),(527,45,'cell','398','879-3327'),(528,46,'cell','930','819-8669'),(529,47,'cell','146','300-8184'),(530,48,'cell','637','650-0978'),(531,50,'cell','488','851-7113'),(532,51,'cell','771','812-0449'),(533,52,'cell','258','263-5860'),(534,53,'cell','378','873-6862'),(535,54,'cell','125','655-6551'),(536,55,'cell','320','344-7502'),(537,56,'cell','614','951-1081'),(538,57,'cell','158','791-4110'),(539,58,'cell','502','272-1989'),(540,59,'cell','743','364-4750'),(541,60,'cell','801','995-3628'),(542,61,'cell','978','461-6856'),(543,62,'cell','791','162-2031'),(544,63,'cell','968','277-3614'),(545,64,'cell','798','873-9529'),(546,65,'cell','288','674-1492'),(547,66,'cell','334','497-2608'),(548,68,'cell','203','431-4947'),(549,69,'cell','307','758-9076'),(550,70,'cell','849','695-9335'),(551,71,'cell','748','818-7221'),(552,72,'cell','697','516-7673'),(553,74,'cell','359','128-8195'),(554,75,'cell','853','669-6031'),(555,76,'cell','182','313-3105'),(556,77,'cell','645','688-9829'),(557,78,'cell','952','872-9308'),(558,80,'cell','896','621-0151'),(559,81,'cell','301','947-1348'),(560,82,'cell','442','776-7096'),(561,83,'cell','131','277-8084'),(562,84,'cell','112','337-2438'),(563,85,'cell','467','112-0628'),(564,86,'cell','512','999-1443'),(565,87,'cell','311','847-9441'),(566,88,'cell','322','220-0314'),(567,89,'cell','793','596-6729'),(568,90,'cell','920','954-7865'),(569,91,'cell','996','463-7162'),(570,92,'cell','685','563-0088'),(571,93,'cell','335','464-4346'),(572,94,'cell','289','490-2307'),(573,95,'cell','438','145-4987'),(574,96,'cell','299','709-3929'),(575,97,'cell','322','529-5730'),(576,98,'cell','554','908-6180'),(577,99,'cell','298','978-5587'),(578,100,'cell','518','928-2083'),(579,101,'cell','467','169-7052'),(580,102,'cell','601','151-6193'),(581,103,'cell','415','761-2375'),(582,104,'cell','932','478-6742'),(583,105,'cell','612','751-9073'),(584,106,'cell','738','834-4899'),(585,107,'cell','518','553-9464'),(586,108,'cell','215','217-7070'),(587,109,'cell','817','774-4659'),(588,110,'cell','985','795-6001'),(589,111,'cell','280','593-0508'),(590,112,'cell','634','832-4961'),(591,113,'cell','671','420-1296'),(592,114,'cell','743','968-9698'),(593,115,'cell','850','168-3428'),(594,116,'cell','685','794-3792'),(595,117,'cell','626','230-5244'),(596,118,'cell','189','946-4134'),(597,119,'cell','499','521-3027'),(598,120,'cell','525','786-1129'),(599,121,'cell','162','591-7297'),(600,122,'cell','734','943-5823'),(601,123,'cell','927','269-5557'),(602,124,'cell','560','540-7010'),(603,125,'cell','368','393-8119'),(604,126,'cell','819','216-7409'),(605,127,'cell','510','507-2668'),(606,128,'cell','417','939-5637'),(607,129,'cell','689','724-6341'),(608,130,'cell','659','300-9914'),(609,131,'cell','485','509-8914'),(610,132,'cell','205','273-2823'),(611,133,'cell','739','726-5173'),(612,134,'cell','561','758-3885'),(613,135,'cell','780','319-6348'),(614,136,'cell','665','863-3496'),(615,137,'cell','101','658-4163'),(616,138,'cell','965','369-3080'),(617,139,'cell','630','176-1993'),(618,140,'cell','126','191-0637'),(619,141,'cell','399','410-3150'),(620,142,'cell','400','632-7435'),(621,143,'cell','402','749-4109'),(622,144,'cell','623','440-3069'),(623,145,'cell','680','996-8963'),(624,146,'cell','741','405-2893'),(625,147,'cell','189','144-5588'),(626,148,'cell','907','464-2719'),(627,149,'cell','889','791-3642'),(628,150,'cell','874','633-0543'),(629,151,'cell','277','234-5144'),(630,152,'cell','769','583-9706'),(631,153,'cell','338','545-2457'),(632,154,'cell','963','970-8330'),(633,155,'cell','259','209-3551'),(634,156,'cell','160','914-8157'),(635,157,'cell','588','860-2305'),(636,158,'cell','609','339-6336'),(637,159,'cell','219','803-4889'),(638,160,'cell','668','695-7537'),(639,161,'cell','788','965-0073'),(640,162,'cell','322','212-6474'),(641,163,'cell','681','758-5432'),(642,164,'cell','737','458-3193'),(643,165,'cell','605','413-5142'),(644,166,'cell','913','227-5857'),(645,167,'cell','207','356-3286'),(646,168,'cell','726','561-0259'),(647,169,'cell','729','528-9115'),(648,170,'cell','809','251-6239'),(649,171,'cell','350','841-0515'),(650,172,'cell','991','300-9095'),(651,173,'cell','945','688-3394'),(652,174,'cell','575','837-2710'),(653,175,'cell','836','247-5742'),(654,176,'cell','260','445-9289'),(655,177,'cell','991','681-1755'),(656,178,'cell','530','615-9871'),(657,179,'cell','928','280-1718'),(658,180,'cell','739','370-4832'),(659,181,'cell','288','380-7105'),(660,182,'cell','882','224-4712'),(661,183,'cell','141','927-3011'),(662,184,'cell','206','601-7607'),(663,186,'cell','733','271-6746'),(664,187,'cell','294','234-8775'),(665,188,'cell','658','428-6437'),(666,189,'cell','666','116-3670'),(667,190,'cell','710','160-0835'),(668,191,'cell','155','927-4964'),(669,192,'cell','467','144-6719'),(670,193,'cell','307','434-2713'),(671,194,'cell','119','187-2885'),(672,195,'cell','739','246-0573'),(673,196,'cell','421','829-5450'),(674,197,'cell','334','595-0964'),(675,198,'cell','542','380-6173'),(676,199,'cell','860','312-4413'),(677,200,'cell','975','952-1919'),(678,201,'cell','890','454-6783'),(679,202,'cell','676','107-4163'),(680,203,'cell','589','241-6333'),(681,204,'cell','455','443-4902'),(682,205,'cell','877','939-3738'),(683,206,'cell','753','171-5682'),(684,207,'cell','356','576-5645'),(685,208,'cell','786','731-7679'),(686,209,'cell','513','711-1607'),(687,210,'cell','657','297-0002'),(688,211,'cell','842','685-8134'),(689,212,'cell','572','785-8740'),(690,213,'cell','789','670-9179'),(691,214,'cell','954','560-0159'),(692,215,'cell','111','927-8581'),(693,217,'cell','237','677-8793'),(694,218,'cell','943','829-3863'),(695,219,'cell','346','897-2782'),(696,220,'cell','807','509-2962'),(697,221,'cell','537','449-9605'),(698,222,'cell','815','680-8501'),(699,223,'cell','885','336-0223'),(700,224,'cell','279','915-7881'),(701,225,'cell','874','561-1064'),(702,226,'cell','678','756-8685'),(703,227,'cell','630','405-4842'),(704,228,'cell','333','696-7735'),(705,229,'cell','707','137-5452'),(706,230,'cell','996','239-6282'),(707,231,'cell','885','591-7975'),(708,232,'cell','419','189-5639'),(709,233,'cell','970','819-3933'),(710,234,'cell','122','939-1039'),(711,235,'cell','381','747-2286'),(712,236,'cell','584','484-5052'),(713,237,'cell','692','668-4655'),(714,238,'cell','530','939-4107'),(715,239,'cell','159','352-8021'),(716,240,'cell','131','454-9471'),(717,241,'cell','883','698-2435'),(718,242,'cell','223','145-1656'),(719,243,'cell','999','916-5458'),(720,244,'cell','226','203-9541'),(721,245,'cell','728','170-8971'),(722,246,'cell','510','441-3400'),(723,247,'cell','704','231-1831'),(724,248,'cell','927','393-3874'),(725,249,'cell','911','980-1743'),(726,250,'cell','777','692-0874'),(727,251,'cell','652','464-2372'),(728,252,'cell','315','345-3420'),(729,253,'cell','358','481-9889'),(730,254,'cell','842','207-9733'),(731,255,'cell','864','714-1199'),(732,256,'cell','162','326-8857'),(733,257,'cell','476','246-1194'),(734,259,'cell','741','804-6153'),(735,260,'cell','283','519-9469'),(736,261,'cell','945','878-4565'),(737,262,'cell','246','174-7624'),(738,263,'cell','790','858-7895'),(739,264,'cell','538','789-7767'),(740,266,'cell','245','116-9013'),(741,267,'cell','337','365-4743'),(742,268,'cell','772','450-3153'),(743,269,'cell','682','336-4639'),(744,270,'cell','586','386-6331'),(745,271,'cell','321','560-5572'),(746,272,'cell','764','228-2895'),(747,273,'cell','547','651-5152'),(748,274,'cell','111','793-8014'),(749,275,'cell','895','547-1737'),(750,276,'cell','184','223-7933'),(751,277,'cell','760','300-2633'),(752,278,'cell','901','126-9300'),(753,279,'cell','652','311-2308'),(754,280,'cell','365','532-8461'),(755,281,'cell','519','708-3846'),(756,282,'cell','106','456-2187'),(757,283,'cell','752','383-6580'),(758,285,'cell','773','473-4110'),(759,286,'cell','538','587-2812'),(760,287,'cell','700','525-5413'),(761,288,'cell','260','897-3964'),(762,289,'cell','433','532-3375'),(763,290,'cell','901','256-3152'),(764,291,'cell','138','663-4933'),(765,293,'cell','739','816-0099'),(766,294,'cell','953','634-4168'),(767,295,'cell','921','335-4238'),(768,296,'cell','582','587-1230'),(769,298,'cell','732','280-5706'),(770,299,'cell','653','199-8225'),(771,300,'cell','846','766-7200'),(772,301,'cell','896','317-8751'),(773,302,'cell','154','328-0392'),(774,303,'cell','119','729-4765'),(775,304,'cell','840','147-0576'),(776,305,'cell','113','241-1349'),(777,306,'cell','178','700-0270'),(778,307,'cell','375','407-0598'),(779,308,'cell','573','758-2931'),(780,309,'cell','788','262-8232'),(781,310,'cell','525','859-0181'),(782,311,'cell','104','832-7245'),(783,312,'cell','699','189-6305'),(784,313,'cell','417','811-4669'),(785,314,'cell','841','660-4138'),(786,315,'cell','246','314-6200'),(787,316,'cell','765','819-3904'),(788,317,'cell','474','102-5611'),(789,318,'cell','814','327-8268'),(790,319,'cell','271','620-3459'),(791,320,'cell','450','835-5005'),(792,321,'cell','760','889-6313'),(793,322,'cell','778','705-5374'),(794,323,'cell','958','856-0549'),(795,324,'cell','160','418-9351'),(796,325,'cell','733','536-4162'),(797,326,'cell','472','676-4057'),(798,327,'cell','409','417-0486'),(799,328,'cell','307','710-4260'),(800,329,'cell','764','688-7211'),(801,330,'cell','848','331-1605'),(802,331,'cell','149','358-4766'),(803,332,'cell','246','709-2158'),(804,333,'cell','771','692-8893'),(805,334,'cell','132','906-7999'),(806,335,'cell','885','579-2681'),(807,336,'cell','161','223-5730'),(808,337,'cell','599','700-6909'),(809,339,'cell','635','593-9994'),(810,340,'cell','954','704-6957'),(811,341,'cell','538','136-8119'),(812,342,'cell','933','245-1342'),(813,343,'cell','318','945-1954'),(814,344,'cell','742','597-4893'),(815,345,'cell','928','252-8876'),(816,346,'cell','384','325-2018'),(817,347,'cell','289','546-6050'),(818,348,'cell','669','658-9712'),(819,349,'cell','716','616-9811'),(820,350,'cell','226','607-7620'),(821,351,'cell','568','437-8548'),(822,352,'cell','471','483-0862'),(823,353,'cell','162','579-5330'),(824,354,'cell','733','556-6269'),(825,355,'cell','833','658-0432'),(826,356,'cell','470','788-5580'),(827,357,'cell','618','361-8546'),(828,358,'cell','932','912-9931'),(829,359,'cell','596','502-0473'),(830,360,'cell','864','376-6906'),(831,361,'cell','797','503-8595'),(832,362,'cell','403','213-9920'),(833,363,'cell','780','333-1752'),(834,364,'cell','857','353-9811'),(835,365,'cell','929','204-2594'),(836,366,'cell','402','523-1467'),(837,367,'cell','301','167-5280'),(838,368,'cell','716','962-9064'),(839,369,'cell','654','969-1212'),(840,370,'cell','317','229-1546'),(841,371,'cell','489','298-2101'),(842,372,'cell','496','842-3379'),(843,373,'cell','307','231-2915'),(844,374,'cell','601','142-2316'),(845,375,'cell','801','567-5147'),(846,376,'cell','361','713-1548'),(847,377,'cell','791','318-8485'),(848,378,'cell','517','774-9742'),(849,379,'cell','917','581-1409'),(850,380,'cell','975','592-3460'),(851,381,'cell','916','497-8573'),(852,382,'cell','418','679-8335'),(853,383,'cell','876','831-4057'),(854,384,'cell','948','770-0844'),(855,385,'cell','308','669-7144'),(856,386,'cell','577','509-8589'),(857,387,'cell','610','520-1894'),(858,388,'cell','270','500-4689'),(859,389,'cell','247','136-6714'),(860,390,'cell','212','973-3833'),(861,391,'cell','690','629-8142'),(862,392,'cell','963','162-6782'),(863,393,'cell','429','480-2032'),(864,394,'cell','833','420-8697'),(865,395,'cell','970','795-8180'),(866,396,'cell','890','165-7394'),(867,397,'cell','879','639-3102'),(868,398,'cell','453','676-5952'),(869,399,'cell','301','780-8939'),(870,401,'cell','819','492-5695'),(871,402,'cell','176','314-4811'),(872,403,'cell','346','501-9702'),(873,405,'cell','551','497-8817'),(874,406,'cell','379','446-5516'),(875,408,'cell','122','772-1670'),(876,409,'cell','931','380-6036'),(877,410,'cell','407','944-3765'),(878,411,'cell','482','696-8869'),(879,412,'cell','488','713-4507'),(880,413,'cell','407','607-9732'),(881,414,'cell','895','876-0800'),(882,415,'cell','672','198-3035'),(883,416,'cell','706','806-9461'),(884,417,'cell','374','441-7592'),(885,418,'cell','615','660-2876'),(886,419,'cell','664','565-4203'),(887,420,'cell','455','220-3403'),(888,421,'cell','897','443-3157'),(889,422,'cell','243','870-9923'),(890,424,'cell','392','581-2335'),(891,425,'cell','989','833-6141'),(892,426,'cell','737','408-4838'),(893,427,'cell','789','513-4253'),(894,428,'cell','777','238-3165'),(895,429,'cell','762','682-2323'),(896,430,'cell','131','639-1104'),(897,431,'cell','832','750-2254'),(898,432,'cell','795','888-6145'),(899,433,'cell','231','592-2682'),(900,434,'cell','693','126-2725'),(901,435,'cell','197','372-8782'),(902,436,'cell','928','902-2194'),(903,437,'cell','493','474-6204'),(904,438,'cell','185','738-4858'),(905,439,'cell','788','839-4995'),(906,440,'cell','290','239-4431'),(907,441,'cell','681','884-9486'),(908,442,'cell','451','576-9876'),(909,443,'cell','367','653-7536'),(910,444,'cell','623','129-3133'),(911,445,'cell','560','910-4461'),(912,446,'cell','537','563-3945'),(913,447,'cell','731','927-9782'),(914,448,'cell','711','728-1673'),(915,449,'cell','712','191-9859'),(916,450,'cell','985','835-1578'),(917,451,'cell','243','475-8168'),(918,452,'cell','774','896-0810'),(919,453,'cell','766','603-1114'),(920,454,'cell','577','152-7587'),(921,455,'cell','168','600-1777'),(922,456,'cell','975','887-0855'),(923,458,'cell','532','293-4334'),(924,459,'cell','306','893-4925'),(925,460,'cell','319','242-9453'),(926,461,'cell','133','848-9230'),(927,462,'cell','143','268-5227'),(928,463,'cell','904','488-3281'),(929,464,'cell','972','732-8421'),(930,465,'cell','884','502-5285'),(931,466,'cell','422','640-9616'),(932,467,'cell','340','749-6640'),(933,468,'cell','913','260-5908'),(934,469,'cell','146','161-0751'),(935,470,'cell','720','670-6376'),(936,471,'cell','385','172-2304'),(937,472,'cell','969','108-3880'),(938,473,'cell','178','497-6381'),(939,474,'cell','125','302-8196'),(940,475,'cell','804','532-6828'),(941,476,'cell','531','212-5264'),(942,478,'cell','649','281-1047'),(943,479,'cell','962','482-1935'),(944,480,'cell','503','252-7641'),(945,482,'cell','364','450-9367'),(946,483,'cell','226','268-4925'),(947,484,'cell','290','907-7947'),(948,485,'cell','412','462-6473'),(949,486,'cell','712','821-7924'),(950,487,'cell','191','116-3345'),(951,488,'cell','995','568-9111'),(952,489,'cell','882','870-4125'),(953,490,'cell','544','499-8217'),(954,491,'cell','249','736-5705'),(955,492,'cell','426','371-4648'),(956,493,'cell','741','629-5167'),(957,494,'cell','412','898-1462'),(958,495,'cell','623','397-6741'),(959,497,'cell','356','575-5406'),(960,498,'cell','628','451-7727'),(961,499,'cell','541','954-8647'),(962,500,'cell','982','103-7006'),(963,501,'cell','554','363-3910'),(964,502,'cell','465','408-7447'),(965,503,'cell','819','693-7538'),(966,505,'cell','169','800-2074'),(967,506,'cell','400','217-6129'),(968,507,'cell','222','174-1536'),(969,508,'cell','323','761-6593'),(970,509,'cell','377','143-2037'),(971,510,'cell','725','458-2600'),(972,511,'cell','949','602-5775'),(973,512,'cell','444','778-0071'),(974,513,'cell','307','403-5816'),(975,514,'cell','635','815-2497'),(976,515,'cell','781','256-5626'),(977,516,'cell','100','440-4512'),(978,517,'cell','509','929-8692'),(979,519,'cell','770','873-8706'),(980,520,'cell','496','320-8616'),(981,521,'cell','615','435-9965'),(982,522,'cell','189','377-0787'),(983,523,'cell','966','964-0179'),(984,524,'cell','280','859-4236'),(985,525,'cell','995','904-0328'),(986,526,'cell','666','522-2333'),(987,527,'cell','143','178-7457'),(988,528,'cell','228','614-3022'),(989,529,'cell','846','411-1941'),(990,530,'cell','411','930-8847'),(991,531,'cell','833','330-1202'),(992,532,'cell','257','399-6959'),(993,533,'cell','834','528-4867'),(994,534,'cell','268','910-1288'),(995,535,'cell','690','106-0283'),(996,536,'cell','773','429-6976'),(997,537,'cell','379','426-6392'),(998,538,'cell','361','290-8534'),(999,539,'cell','240','249-6997'),(1000,540,'cell','166','200-7628'),(1001,541,'cell','836','478-4999'),(1002,542,'cell','820','350-1800'),(1003,543,'cell','612','978-5732'),(1004,544,'cell','701','167-1893'),(1005,545,'cell','282','640-1972'),(1006,546,'cell','643','498-4183'),(1007,547,'cell','419','754-2728'),(1008,548,'cell','617','202-0077'),(1009,549,'cell','487','626-5314'),(1010,550,'cell','291','698-6261'),(1011,551,'cell','820','802-6458'),(1012,552,'cell','437','908-2846'),(1013,553,'cell','229','671-5474'),(1014,554,'cell','577','580-4053'),(1015,555,'cell','822','393-0078'),(1016,556,'cell','843','451-1791'),(1017,557,'cell','889','261-1340'),(1018,558,'cell','983','241-7115'),(1019,559,'cell','827','681-0172'),(1020,560,'cell','305','655-7088'),(1021,561,'cell','144','914-0254'),(1022,562,'cell','781','632-9220'),(1023,563,'cell','733','214-8237'),(1024,564,'cell','197','249-1733'),(1025,565,'cell','198','524-8591'),(1026,567,'cell','815','780-0862'),(1027,568,'cell','967','319-8287'),(1028,569,'cell','420','714-2964'),(1029,570,'cell','610','499-9732'),(1030,571,'cell','867','953-2674'),(1031,572,'cell','193','918-3861'),(1032,573,'cell','314','746-1446'),(1033,574,'cell','506','611-4114'),(1034,575,'cell','581','371-1114'),(1035,576,'cell','992','563-5331'),(1036,577,'cell','894','651-4980'),(1037,578,'cell','616','843-8555'),(1038,579,'cell','918','789-2332'),(1039,580,'cell','168','703-7031'),(1040,581,'cell','943','883-6641'),(1041,582,'cell','949','219-9822'),(1042,583,'cell','711','262-8273'),(1043,584,'cell','558','703-4938'),(1044,585,'cell','540','389-9303'),(1045,586,'cell','185','841-2524'),(1046,587,'cell','824','465-2005'),(1047,588,'cell','955','330-9591'),(1048,589,'cell','182','512-8309'),(1049,590,'cell','762','150-2499'),(1050,591,'cell','799','945-6690'),(1051,592,'cell','962','992-2250'),(1052,593,'cell','849','383-8591'),(1053,594,'cell','606','637-5623'),(1054,595,'cell','211','290-6618'),(1055,596,'cell','102','896-6692'),(1056,597,'cell','811','394-2997'),(1057,598,'cell','398','137-0658'),(1058,599,'cell','738','290-4244'),(1059,600,'cell','675','560-3320'),(1060,601,'cell','768','844-0424'),(1061,602,'cell','678','941-4232'),(1062,603,'cell','293','218-7670'),(1063,604,'cell','275','786-1915'),(1064,605,'cell','214','103-3750'),(1065,606,'cell','617','988-8180'),(1066,607,'cell','338','584-1868'),(1067,608,'cell','365','102-8995'),(1068,609,'cell','795','349-4693'),(1069,610,'cell','618','986-1477'),(1070,611,'cell','950','675-7647'),(1071,612,'cell','541','794-4309'),(1072,613,'cell','872','117-4352'),(1073,614,'cell','191','593-8795'),(1074,615,'cell','730','116-1243'),(1075,616,'cell','797','128-7381'),(1076,617,'cell','539','695-6956'),(1077,618,'cell','274','215-8958'),(1078,619,'cell','237','313-0579'),(1079,620,'cell','788','362-9821'),(1080,621,'cell','991','348-5899'),(1081,622,'cell','521','341-2069'),(1082,623,'cell','770','647-3761'),(1083,624,'cell','442','129-3594'),(1084,625,'cell','943','657-4652'),(1085,626,'cell','590','566-3682'),(1086,627,'cell','520','985-7906'),(1087,628,'cell','807','466-1622'),(1088,629,'cell','443','124-4418'),(1089,630,'cell','450','863-9437'),(1090,631,'cell','695','564-0734'),(1091,632,'cell','866','109-3257'),(1092,633,'cell','405','804-2708'),(1093,634,'cell','544','581-7584'),(1094,635,'cell','737','348-1304'),(1095,636,'cell','450','584-1311'),(1096,637,'cell','389','649-1101'),(1097,638,'cell','457','991-3698'),(1098,639,'cell','918','849-6310'),(1099,640,'cell','808','184-1996'),(1100,641,'cell','453','651-2782'),(1101,642,'cell','699','705-3475'),(1102,643,'cell','685','893-7026'),(1103,644,'cell','224','524-2233'),(1104,645,'cell','577','689-5045'),(1105,646,'cell','573','844-2927'),(1106,647,'cell','426','347-4674'),(1107,648,'cell','805','729-1391'),(1108,649,'cell','549','871-4053'),(1109,650,'cell','524','406-2881'),(1110,651,'cell','143','406-7688'),(1111,652,'cell','926','457-7170'),(1112,653,'cell','680','770-8684'),(1113,654,'cell','689','102-5464'),(1114,656,'cell','313','365-1151'),(1115,657,'cell','934','193-4966'),(1116,658,'cell','198','664-5457'),(1117,659,'cell','888','577-4006'),(1118,660,'cell','794','835-3721'),(1119,661,'cell','653','649-4641'),(1120,662,'cell','523','432-5820'),(1121,663,'cell','645','280-3041'),(1122,664,'cell','435','538-1508'),(1123,665,'cell','954','437-2927'),(1124,666,'cell','785','108-8544'),(1125,667,'cell','101','749-1722'),(1126,668,'cell','561','432-2555'),(1127,669,'cell','673','462-7333'),(1128,670,'cell','193','253-0563'),(1129,671,'cell','618','293-4632'),(1130,672,'cell','556','259-0832'),(1131,673,'cell','781','768-0396'),(1132,674,'cell','447','381-5940'),(1133,675,'cell','163','751-8660'),(1134,676,'cell','684','808-7643'),(1135,677,'cell','160','581-9197'),(1136,679,'cell','562','432-5661'),(1137,680,'cell','757','425-1137'),(1138,681,'cell','274','910-5493'),(1139,682,'cell','317','371-5353'),(1140,684,'cell','264','835-9479'),(1141,685,'cell','890','909-3556'),(1142,686,'cell','239','186-1659'),(1143,687,'cell','341','209-4793'),(1144,688,'cell','162','671-9486'),(1145,689,'cell','497','485-7292'),(1146,691,'cell','337','757-3696'),(1147,692,'cell','339','607-5392'),(1148,693,'cell','126','960-8267'),(1149,694,'cell','809','583-0617'),(1150,695,'cell','870','269-9664'),(1151,696,'cell','237','158-0791'),(1152,697,'cell','229','141-3801'),(1153,698,'cell','839','794-3611'),(1154,699,'cell','349','430-5535'),(1155,700,'cell','892','606-6875'),(1156,702,'cell','628','471-7410'),(1157,703,'cell','245','865-9040'),(1158,704,'cell','561','504-5497'),(1159,705,'cell','676','298-1608'),(1160,706,'cell','994','903-1104'),(1161,707,'cell','700','722-7992'),(1162,708,'cell','240','698-4944'),(1163,709,'cell','454','212-6861'),(1164,710,'cell','707','822-5697'),(1165,711,'cell','560','301-6536'),(1166,712,'cell','278','450-9238'),(1167,713,'cell','426','933-5180'),(1168,714,'cell','331','672-2921'),(1169,715,'cell','384','866-2152'),(1170,716,'cell','893','921-2595'),(1171,717,'cell','635','914-0041'),(1172,718,'cell','438','600-3714'),(1173,719,'cell','383','613-1514'),(1174,720,'cell','416','209-2963'),(1175,722,'cell','654','821-9595'),(1176,723,'cell','435','665-2796'),(1177,724,'cell','850','527-5802'),(1178,725,'cell','571','782-3790'),(1179,726,'cell','570','123-4717'),(1180,727,'cell','129','995-6104'),(1181,728,'cell','163','119-9054'),(1182,730,'cell','942','322-0366'),(1183,731,'cell','446','663-3234'),(1184,732,'cell','407','294-3291'),(1185,733,'cell','412','873-1963'),(1186,734,'cell','198','353-0171'),(1187,735,'cell','566','144-1490'),(1188,736,'cell','710','227-8087'),(1189,737,'cell','666','637-2262'),(1190,738,'cell','677','638-4228'),(1191,739,'cell','117','747-9474'),(1192,740,'cell','657','129-7689'),(1193,741,'cell','846','880-9400'),(1194,742,'cell','594','797-7349'),(1195,743,'cell','488','358-8606'),(1196,744,'cell','893','958-0205'),(1197,745,'cell','477','280-6150'),(1198,746,'cell','144','684-9231'),(1199,747,'cell','155','859-2860'),(1200,748,'cell','411','462-2089'),(1201,749,'cell','367','914-9091'),(1202,750,'cell','739','981-9312'),(1203,751,'cell','527','673-8144'),(1204,752,'cell','871','873-4280'),(1205,753,'cell','925','942-3489'),(1206,754,'cell','202','862-7214'),(1207,755,'cell','790','311-3319'),(1208,756,'cell','164','195-2433'),(1209,757,'cell','715','368-2670'),(1210,758,'cell','703','430-0243'),(1211,759,'cell','435','980-5496'),(1212,760,'cell','175','885-5598'),(1213,762,'cell','245','280-5114'),(1214,763,'cell','193','469-6202'),(1215,764,'cell','354','528-6045'),(1216,765,'cell','984','498-4524'),(1217,766,'cell','179','878-9463'),(1218,767,'cell','515','908-3850'),(1219,768,'cell','226','829-9439'),(1220,769,'cell','582','188-7155'),(1221,770,'cell','354','502-9009'),(1222,771,'cell','232','954-2721'),(1223,772,'cell','475','759-8362'),(1224,773,'cell','495','717-8160'),(1225,774,'cell','236','882-1672'),(1226,775,'cell','675','770-6272'),(1227,776,'cell','677','287-5171'),(1228,777,'cell','658','234-4773'),(1229,778,'cell','771','868-0578'),(1230,779,'cell','958','420-4603'),(1231,781,'cell','736','364-7316'),(1232,782,'cell','273','211-9574'),(1233,783,'cell','158','452-0388'),(1234,784,'cell','647','133-1410'),(1235,785,'cell','612','975-2427'),(1236,786,'cell','764','413-6459'),(1237,787,'cell','269','173-4766'),(1238,788,'cell','939','231-3713'),(1239,789,'cell','577','976-2774'),(1240,790,'cell','584','724-4248'),(1241,791,'cell','553','604-9124'),(1242,792,'cell','718','132-7090'),(1243,793,'cell','124','216-7599'),(1244,794,'cell','323','360-8000'),(1245,795,'cell','205','769-5463'),(1246,796,'cell','581','392-0541'),(1247,797,'cell','424','455-7802'),(1248,798,'cell','679','119-6948'),(1249,799,'cell','765','800-5698'),(1250,800,'cell','463','902-4296'),(1251,801,'cell','152','159-2780'),(1252,802,'cell','900','564-1292'),(1253,803,'cell','367','493-3539'),(1254,804,'cell','714','232-1586'),(1255,805,'cell','426','330-7105'),(1256,806,'cell','540','200-3639'),(1257,808,'cell','247','864-8753'),(1258,809,'cell','737','232-4132'),(1259,810,'cell','776','832-5177'),(1260,811,'cell','182','733-9114'),(1261,812,'cell','431','449-3115'),(1262,813,'cell','944','558-2647'),(1263,814,'cell','722','606-1802'),(1264,815,'cell','283','889-0953'),(1265,816,'cell','622','752-0843'),(1266,817,'cell','845','171-0555'),(1267,818,'cell','879','419-6928'),(1268,819,'cell','294','257-3187'),(1269,820,'cell','850','113-0655'),(1270,821,'cell','444','854-0708'),(1271,822,'cell','590','444-7984'),(1272,823,'cell','407','262-6721'),(1273,824,'cell','834','537-0203'),(1274,825,'cell','258','890-1612'),(1275,826,'cell','636','442-5293'),(1276,827,'cell','343','451-6744'),(1277,828,'cell','771','969-9250'),(1278,829,'cell','174','294-1074'),(1279,830,'cell','270','380-7807'),(1280,832,'cell','406','805-5023'),(1281,833,'cell','269','427-3689'),(1282,834,'cell','633','496-2564'),(1283,835,'cell','343','943-3323'),(1284,836,'cell','201','541-9001'),(1285,837,'cell','962','703-9002'),(1286,838,'cell','215','180-4077'),(1287,839,'cell','900','162-0415'),(1288,840,'cell','233','835-0822'),(1289,841,'cell','959','996-4686'),(1290,842,'cell','717','877-3925'),(1291,843,'cell','617','186-5787'),(1292,844,'cell','283','755-7709'),(1293,845,'cell','414','111-9268'),(1294,846,'cell','127','211-9811'),(1295,847,'cell','836','212-6365'),(1296,848,'cell','831','799-3385'),(1297,849,'cell','592','373-9842'),(1298,850,'cell','371','699-7087'),(1299,851,'cell','712','748-3983'),(1300,852,'cell','253','819-0347'),(1301,853,'cell','893','991-4691'),(1302,854,'cell','592','773-8920'),(1303,855,'cell','773','970-7769'),(1304,856,'cell','562','151-7702'),(1305,857,'cell','475','516-0015'),(1306,858,'cell','732','607-9193'),(1307,859,'cell','908','946-5348'),(1308,861,'cell','869','605-8648'),(1309,862,'cell','566','451-9884'),(1310,863,'cell','562','697-0174'),(1311,865,'cell','611','207-0976'),(1312,866,'cell','753','922-1251'),(1313,867,'cell','156','990-4734'),(1314,868,'cell','572','872-6675'),(1315,869,'cell','785','171-6879'),(1316,870,'cell','131','317-1518'),(1317,871,'cell','485','304-0029'),(1318,872,'cell','200','526-2666'),(1319,873,'cell','799','585-8288'),(1320,874,'cell','446','417-1884'),(1321,875,'cell','318','407-3334'),(1322,876,'cell','964','726-2215'),(1323,877,'cell','972','937-5922'),(1324,878,'cell','699','896-4652'),(1325,879,'cell','774','736-3169'),(1326,880,'cell','626','288-0290'),(1327,881,'cell','471','399-3025'),(1328,882,'cell','968','208-2262'),(1329,883,'cell','146','826-1049'),(1330,884,'cell','360','954-0551'),(1331,885,'cell','139','777-1175'),(1332,886,'cell','740','650-7982'),(1333,887,'cell','762','365-7049'),(1334,888,'cell','521','860-4447'),(1335,889,'cell','336','449-9484'),(1336,890,'cell','267','928-7637'),(1337,891,'cell','704','448-5776'),(1338,892,'cell','108','422-0748'),(1339,893,'cell','304','621-4618'),(1340,894,'cell','465','885-9521'),(1341,895,'cell','586','522-6792'),(1342,896,'cell','695','464-1164'),(1343,897,'cell','705','151-4680'),(1344,898,'cell','786','663-1035'),(1345,899,'cell','925','150-5049'),(1346,900,'cell','336','531-2531'),(1347,901,'cell','433','829-3574'),(1348,902,'cell','135','569-2811'),(1349,903,'cell','590','725-6958'),(1350,904,'cell','856','398-0578'),(1351,905,'cell','405','294-0354'),(1352,906,'cell','365','921-2424'),(1353,907,'cell','704','701-5716'),(1354,908,'cell','903','538-4006'),(1355,909,'cell','193','769-0070'),(1356,910,'cell','447','261-2908'),(1357,911,'cell','532','690-2012'),(1358,912,'cell','662','288-1945'),(1359,913,'cell','519','805-8817'),(1360,914,'cell','278','628-1248'),(1361,915,'cell','963','964-6693'),(1362,916,'cell','548','444-1321'),(1363,917,'cell','927','420-0428'),(1364,918,'cell','610','298-9312'),(1365,919,'cell','177','625-0466'),(1366,920,'cell','381','838-3680'),(1367,921,'cell','306','302-4597'),(1368,922,'cell','583','175-7708'),(1369,923,'cell','388','596-7894'),(1370,924,'cell','832','816-9702'),(1371,925,'cell','476','548-1102'),(1372,926,'cell','425','610-4193'),(1373,927,'cell','968','538-6158'),(1374,928,'cell','962','673-5830'),(1375,929,'cell','950','929-7243'),(1376,930,'cell','362','811-5120'),(1377,931,'cell','683','843-9184'),(1378,932,'cell','369','495-7039'),(1379,933,'cell','704','135-3954'),(1380,934,'cell','762','894-9374'),(1381,935,'cell','714','165-8456'),(1382,936,'cell','248','295-1132'),(1383,937,'cell','716','968-6727'),(1384,938,'cell','332','909-8747'),(1385,939,'cell','638','754-6103'),(1386,940,'cell','133','539-9549'),(1387,942,'cell','316','722-4796'),(1388,943,'cell','342','499-4819'),(1389,944,'cell','247','852-4696'),(1390,945,'cell','158','479-8009'),(1391,946,'cell','221','613-6514'),(1392,947,'cell','738','414-8729'),(1393,948,'cell','501','963-7323'),(1394,949,'cell','160','194-2393'),(1395,951,'cell','650','372-6354'),(1396,952,'cell','830','430-3997'),(1397,953,'cell','695','426-5891'),(1398,954,'cell','254','431-8674'),(1399,955,'cell','449','656-2670'),(1400,956,'cell','775','849-0874'),(1401,957,'cell','450','490-8847'),(1402,958,'cell','802','791-8423'),(1403,959,'cell','634','358-4269'),(1404,960,'cell','310','561-3883'),(1405,961,'cell','188','364-4360'),(1406,962,'cell','473','801-5006'),(1407,963,'cell','982','989-8369'),(1408,964,'cell','135','857-3539'),(1409,965,'cell','357','246-4169'),(1410,966,'cell','618','850-7109'),(1411,967,'cell','307','695-3290'),(1412,968,'cell','751','314-1091'),(1413,969,'cell','522','532-7632'),(1414,970,'cell','430','408-0373'),(1415,971,'cell','350','773-0890'),(1416,972,'cell','805','597-6743'),(1417,973,'cell','338','961-3558'),(1418,974,'cell','501','940-1523'),(1419,975,'cell','684','423-9257'),(1420,976,'cell','213','779-9815'),(1421,977,'cell','814','757-2525'),(1422,978,'cell','722','225-7767'),(1423,979,'cell','727','717-8575'),(1424,980,'cell','603','661-8661'),(1425,981,'cell','584','623-3883'),(1426,982,'cell','133','729-1440'),(1427,983,'cell','404','917-0949'),(1428,984,'cell','559','290-1726'),(1429,985,'cell','882','789-1124'),(1430,986,'cell','643','101-9733'),(1431,987,'cell','713','594-7295'),(1432,988,'cell','984','335-4433'),(1433,989,'cell','916','995-4675'),(1434,990,'cell','125','555-5586'),(1435,991,'cell','315','727-4644'),(1436,992,'cell','630','956-5252'),(1437,993,'cell','871','510-0110'),(1438,994,'cell','281','491-8104'),(1439,995,'cell','499','711-1417'),(1440,996,'cell','511','907-3315'),(1441,997,'cell','273','728-1271'),(1442,998,'cell','220','911-1306'),(1443,999,'cell','470','418-2608'),(1444,1000,'cell','952','976-4138'),(1445,1,'work','575','780-6421'),(1446,2,'work','526','691-3663'),(1447,3,'work','470','347-7202'),(1448,5,'work','672','643-5210'),(1449,6,'work','935','221-4565'),(1450,8,'work','420','902-8960'),(1451,9,'work','536','596-8574'),(1452,10,'work','405','746-6553'),(1453,12,'work','974','398-8066'),(1454,15,'work','944','146-6149'),(1455,16,'work','100','718-3343'),(1456,18,'work','725','135-7813'),(1457,19,'work','373','829-6128'),(1458,20,'work','205','867-7790'),(1459,21,'work','136','209-9292'),(1460,22,'work','732','735-8158'),(1461,24,'work','364','839-7318'),(1462,25,'work','754','815-2133'),(1463,27,'work','205','324-5139'),(1464,28,'work','742','339-9060'),(1465,29,'work','570','895-9983'),(1466,31,'work','612','222-9943'),(1467,33,'work','555','996-6608'),(1468,34,'work','955','258-7776'),(1469,36,'work','844','442-7505'),(1470,37,'work','222','834-2561'),(1471,38,'work','277','275-7948'),(1472,39,'work','337','587-0981'),(1473,40,'work','147','887-5649'),(1474,43,'work','346','177-2480'),(1475,44,'work','504','702-5753'),(1476,45,'work','335','829-3422'),(1477,46,'work','310','276-0552'),(1478,47,'work','619','706-2111'),(1479,48,'work','767','102-8784'),(1480,50,'work','395','288-3413'),(1481,51,'work','411','205-9343'),(1482,52,'work','709','745-0219'),(1483,53,'work','575','701-3295'),(1484,55,'work','749','296-8636'),(1485,56,'work','920','329-4108'),(1486,58,'work','755','534-1340'),(1487,59,'work','775','391-2049'),(1488,60,'work','992','279-8238'),(1489,61,'work','685','481-0480'),(1490,64,'work','834','909-1478'),(1491,66,'work','712','204-2142'),(1492,67,'work','569','828-2353'),(1493,68,'work','365','927-9690'),(1494,69,'work','284','234-0042'),(1495,73,'work','689','233-6416'),(1496,74,'work','442','144-0201'),(1497,77,'work','535','238-8834'),(1498,78,'work','146','778-2020'),(1499,79,'work','463','183-4657'),(1500,80,'work','741','274-5179'),(1501,81,'work','928','679-8594'),(1502,84,'work','812','390-3319'),(1503,85,'work','185','191-2451'),(1504,86,'work','996','985-1004'),(1505,87,'work','972','245-7747'),(1506,88,'work','712','270-4972'),(1507,92,'work','951','307-6360'),(1508,93,'work','275','459-6375'),(1509,94,'work','845','667-9320'),(1510,95,'work','610','394-0372'),(1511,97,'work','374','927-8236'),(1512,98,'work','497','161-2807'),(1513,100,'work','446','971-3511'),(1514,101,'work','560','427-8364'),(1515,103,'work','644','697-0806'),(1516,105,'work','903','723-8230'),(1517,106,'work','575','831-8442'),(1518,107,'work','171','586-9880'),(1519,108,'work','355','563-4878'),(1520,109,'work','665','431-3941'),(1521,110,'work','135','820-4074'),(1522,111,'work','384','566-9537'),(1523,113,'work','126','184-5686'),(1524,114,'work','319','215-9511'),(1525,115,'work','425','649-6990'),(1526,119,'work','456','574-3485'),(1527,122,'work','175','896-9475'),(1528,123,'work','660','861-7324'),(1529,125,'work','885','614-2560'),(1530,126,'work','601','464-5787'),(1531,128,'work','533','739-6596'),(1532,129,'work','470','766-4449'),(1533,130,'work','878','648-8002'),(1534,131,'work','320','144-5636'),(1535,132,'work','440','549-6823'),(1536,133,'work','959','118-6515'),(1537,135,'work','851','810-7191'),(1538,137,'work','802','173-4188'),(1539,138,'work','311','559-9990'),(1540,139,'work','596','335-4027'),(1541,140,'work','998','102-4319'),(1542,142,'work','523','284-1173'),(1543,143,'work','682','788-0921'),(1544,145,'work','940','916-1708'),(1545,146,'work','599','479-7143'),(1546,147,'work','194','514-6250'),(1547,148,'work','605','462-1975'),(1548,149,'work','800','218-9724'),(1549,151,'work','130','575-1451'),(1550,152,'work','780','729-0513'),(1551,153,'work','270','936-1024'),(1552,154,'work','212','357-5802'),(1553,155,'work','363','591-9833'),(1554,156,'work','308','853-5308'),(1555,157,'work','505','531-2951'),(1556,158,'work','583','506-0181'),(1557,160,'work','272','475-7047'),(1558,162,'work','871','525-5326'),(1559,163,'work','906','287-3813'),(1560,164,'work','519','539-6640'),(1561,166,'work','299','392-3863'),(1562,167,'work','774','467-6424'),(1563,168,'work','138','193-3944'),(1564,169,'work','922','656-3574'),(1565,170,'work','179','846-7624'),(1566,171,'work','316','810-2478'),(1567,172,'work','429','564-2215'),(1568,176,'work','703','259-6055'),(1569,177,'work','238','854-7937'),(1570,179,'work','503','731-6441'),(1571,181,'work','677','801-8753'),(1572,182,'work','508','481-0030'),(1573,183,'work','580','158-6597'),(1574,184,'work','292','116-1054'),(1575,185,'work','475','504-7773'),(1576,186,'work','201','156-7465'),(1577,187,'work','161','517-0954'),(1578,188,'work','364','650-8064'),(1579,189,'work','732','664-1953'),(1580,190,'work','669','622-5273'),(1581,192,'work','162','660-8196'),(1582,194,'work','927','824-8433'),(1583,195,'work','935','971-9145'),(1584,196,'work','306','748-2425'),(1585,197,'work','784','524-1493'),(1586,198,'work','528','555-9675'),(1587,201,'work','221','904-6120'),(1588,203,'work','418','875-6867'),(1589,204,'work','713','480-9106'),(1590,205,'work','746','410-5130'),(1591,206,'work','244','357-2839'),(1592,208,'work','677','609-3277'),(1593,210,'work','550','570-7649'),(1594,212,'work','577','386-0520'),(1595,213,'work','137','998-6889'),(1596,215,'work','585','884-7792'),(1597,216,'work','770','578-3527'),(1598,217,'work','724','777-7402'),(1599,220,'work','391','234-9494'),(1600,222,'work','297','662-7654'),(1601,223,'work','861','527-6830'),(1602,224,'work','855','460-1939'),(1603,226,'work','702','920-2292'),(1604,228,'work','894','507-0455'),(1605,230,'work','640','427-7474'),(1606,231,'work','939','857-8068'),(1607,232,'work','517','733-5398'),(1608,233,'work','957','469-7349'),(1609,234,'work','737','734-5439'),(1610,235,'work','785','818-6829'),(1611,236,'work','691','960-7950'),(1612,237,'work','141','363-0839'),(1613,238,'work','615','408-7705'),(1614,241,'work','943','658-5773'),(1615,244,'work','692','610-7221'),(1616,245,'work','177','712-1163'),(1617,246,'work','515','598-3351'),(1618,247,'work','909','657-7010'),(1619,248,'work','621','282-4315'),(1620,249,'work','565','530-1901'),(1621,251,'work','221','153-7818'),(1622,252,'work','567','242-8553'),(1623,254,'work','226','990-8334'),(1624,255,'work','963','618-3936'),(1625,257,'work','560','533-3577'),(1626,260,'work','678','278-9610'),(1627,262,'work','159','680-7922'),(1628,263,'work','665','471-8093'),(1629,264,'work','615','291-2936'),(1630,266,'work','133','947-4353'),(1631,269,'work','454','488-2348'),(1632,270,'work','671','260-1052'),(1633,271,'work','995','718-1899'),(1634,272,'work','330','792-9306'),(1635,274,'work','822','404-6599'),(1636,276,'work','304','553-1314'),(1637,277,'work','849','878-1350'),(1638,278,'work','651','954-5706'),(1639,279,'work','975','186-3275'),(1640,280,'work','259','837-7467'),(1641,281,'work','955','254-6266'),(1642,282,'work','510','881-2776'),(1643,284,'work','303','687-2112'),(1644,285,'work','119','142-4923'),(1645,286,'work','361','841-9483'),(1646,287,'work','445','463-2036'),(1647,288,'work','940','283-2494'),(1648,290,'work','609','397-8181'),(1649,294,'work','415','391-8624'),(1650,295,'work','620','846-8310'),(1651,296,'work','246','751-8770'),(1652,297,'work','131','274-4339'),(1653,298,'work','768','943-3582'),(1654,299,'work','396','378-9449'),(1655,300,'work','685','780-7436'),(1656,301,'work','109','441-2458'),(1657,302,'work','913','906-8441'),(1658,304,'work','170','443-0516'),(1659,305,'work','897','924-9172'),(1660,306,'work','962','769-8706'),(1661,307,'work','158','140-9215'),(1662,309,'work','230','417-5878'),(1663,310,'work','607','115-0976'),(1664,314,'work','979','941-2868'),(1665,317,'work','398','737-4833'),(1666,318,'work','443','334-6477'),(1667,320,'work','390','842-6160'),(1668,321,'work','958','520-7861'),(1669,325,'work','474','345-8269'),(1670,326,'work','636','215-2441'),(1671,328,'work','218','566-8321'),(1672,330,'work','780','766-5194'),(1673,333,'work','317','903-7792'),(1674,334,'work','685','967-8364'),(1675,336,'work','970','988-0877'),(1676,337,'work','427','539-2916'),(1677,338,'work','201','398-4375'),(1678,341,'work','325','943-8882'),(1679,344,'work','681','400-2720'),(1680,345,'work','370','202-5960'),(1681,349,'work','945','956-2686'),(1682,350,'work','790','506-3204'),(1683,351,'work','887','802-1736'),(1684,352,'work','338','506-2497'),(1685,354,'work','184','568-3761'),(1686,357,'work','909','215-4838'),(1687,358,'work','879','797-1124'),(1688,364,'work','504','337-0116'),(1689,365,'work','377','536-3273'),(1690,366,'work','948','644-8406'),(1691,367,'work','101','854-8404'),(1692,370,'work','416','879-8878'),(1693,371,'work','604','545-2282'),(1694,376,'work','675','945-1790'),(1695,377,'work','391','193-8566'),(1696,378,'work','864','330-9633'),(1697,380,'work','248','192-5921'),(1698,381,'work','386','671-7528'),(1699,382,'work','280','444-8902'),(1700,385,'work','941','950-6164'),(1701,386,'work','625','597-7748'),(1702,387,'work','906','764-3201'),(1703,388,'work','178','568-9297'),(1704,389,'work','362','277-0473'),(1705,390,'work','911','265-4340'),(1706,391,'work','257','126-5945'),(1707,392,'work','386','168-1195'),(1708,395,'work','357','549-9858'),(1709,397,'work','604','874-4819'),(1710,398,'work','115','121-2435'),(1711,399,'work','901','328-3792'),(1712,400,'work','709','738-1738'),(1713,401,'work','252','286-8767'),(1714,405,'work','713','212-4104'),(1715,406,'work','772','475-8322'),(1716,407,'work','834','605-7974'),(1717,408,'work','587','962-3774'),(1718,409,'work','779','835-5111'),(1719,411,'work','273','175-6814'),(1720,412,'work','451','212-5486'),(1721,413,'work','425','197-3858'),(1722,414,'work','619','813-3510'),(1723,416,'work','327','101-0402'),(1724,417,'work','190','440-8826'),(1725,418,'work','810','648-7739'),(1726,422,'work','235','186-3222'),(1727,424,'work','368','711-3336'),(1728,426,'work','674','810-0933'),(1729,427,'work','218','306-4059'),(1730,429,'work','192','712-9675'),(1731,430,'work','898','361-6855'),(1732,432,'work','587','938-5724'),(1733,433,'work','471','194-1796'),(1734,434,'work','999','236-1304'),(1735,435,'work','817','769-4012'),(1736,436,'work','110','171-2404'),(1737,437,'work','569','256-8237'),(1738,441,'work','388','481-3001'),(1739,442,'work','674','799-6565'),(1740,443,'work','260','312-0545'),(1741,444,'work','672','683-0513'),(1742,448,'work','420','553-3770'),(1743,449,'work','585','470-9801'),(1744,451,'work','376','914-5367'),(1745,453,'work','100','231-1817'),(1746,454,'work','771','306-7181'),(1747,455,'work','998','763-9884'),(1748,457,'work','829','200-9897'),(1749,458,'work','622','744-2732'),(1750,459,'work','498','501-1581'),(1751,460,'work','140','160-0913'),(1752,461,'work','291','645-6297'),(1753,463,'work','641','642-7666'),(1754,465,'work','946','969-2724'),(1755,466,'work','181','347-5668'),(1756,468,'work','911','909-9299'),(1757,469,'work','337','219-5406'),(1758,471,'work','666','793-8432'),(1759,472,'work','657','178-0570'),(1760,474,'work','363','367-0385'),(1761,475,'work','744','953-2520'),(1762,477,'work','886','499-6561'),(1763,478,'work','210','956-8721'),(1764,479,'work','115','370-7575'),(1765,481,'work','343','733-0736'),(1766,483,'work','636','843-4437'),(1767,485,'work','715','911-8841'),(1768,487,'work','491','547-7293'),(1769,490,'work','278','900-0285'),(1770,492,'work','145','237-4249'),(1771,493,'work','143','216-0318'),(1772,496,'work','342','644-2961'),(1773,499,'work','567','137-4078'),(1774,500,'work','651','793-9301'),(1775,503,'work','994','399-9693'),(1776,504,'work','315','306-9566'),(1777,505,'work','976','625-8362'),(1778,507,'work','715','356-6425'),(1779,508,'work','810','493-9449'),(1780,509,'work','112','297-5716'),(1781,510,'work','430','508-6482'),(1782,512,'work','979','670-7880'),(1783,513,'work','455','463-2077'),(1784,514,'work','230','183-9892'),(1785,517,'work','920','635-6087'),(1786,518,'work','298','518-8826'),(1787,521,'work','173','480-6540'),(1788,522,'work','860','212-6627'),(1789,523,'work','820','909-1852'),(1790,524,'work','958','446-5383'),(1791,526,'work','262','101-1866'),(1792,527,'work','522','111-1653'),(1793,528,'work','774','121-2397'),(1794,531,'work','926','708-5734'),(1795,533,'work','967','395-4123'),(1796,534,'work','211','337-3346'),(1797,536,'work','214','875-7894'),(1798,538,'work','402','779-2874'),(1799,540,'work','694','196-8569'),(1800,541,'work','106','837-6086'),(1801,543,'work','219','999-2565'),(1802,544,'work','673','179-5889'),(1803,545,'work','538','548-8954'),(1804,546,'work','141','602-7456'),(1805,547,'work','729','564-5716'),(1806,548,'work','796','153-8520'),(1807,549,'work','110','263-9113'),(1808,550,'work','571','496-7077'),(1809,551,'work','571','491-7267'),(1810,552,'work','470','191-7272'),(1811,554,'work','645','883-0748'),(1812,555,'work','223','219-3564'),(1813,561,'work','730','152-3265'),(1814,562,'work','268','390-2705'),(1815,564,'work','580','579-5910'),(1816,565,'work','326','466-4626'),(1817,567,'work','289','471-9015'),(1818,574,'work','826','458-5115'),(1819,578,'work','912','252-7214'),(1820,579,'work','255','295-2018'),(1821,580,'work','314','583-4688'),(1822,583,'work','363','241-5864'),(1823,584,'work','550','660-0455'),(1824,585,'work','345','921-3286'),(1825,587,'work','549','741-7424'),(1826,590,'work','242','887-2472'),(1827,593,'work','904','847-9468'),(1828,594,'work','417','487-7198'),(1829,595,'work','587','911-0972'),(1830,597,'work','584','514-4430'),(1831,600,'work','978','658-7078'),(1832,602,'work','281','113-3567'),(1833,603,'work','196','963-4204'),(1834,605,'work','202','138-1150'),(1835,606,'work','106','920-0104'),(1836,607,'work','976','166-2533'),(1837,609,'work','492','332-2085'),(1838,611,'work','503','721-7245'),(1839,612,'work','645','220-7767'),(1840,613,'work','254','186-4625'),(1841,614,'work','881','447-2783'),(1842,615,'work','588','654-1271'),(1843,616,'work','958','221-4092'),(1844,619,'work','309','787-1028'),(1845,620,'work','607','348-4886'),(1846,621,'work','545','360-2357'),(1847,624,'work','361','215-4638'),(1848,625,'work','459','864-8915'),(1849,626,'work','958','314-1802'),(1850,627,'work','141','328-0941'),(1851,628,'work','808','181-9129'),(1852,629,'work','516','759-7808'),(1853,630,'work','855','252-8005'),(1854,632,'work','868','394-0329'),(1855,633,'work','670','146-2731'),(1856,637,'work','410','782-4597'),(1857,638,'work','658','310-5747'),(1858,639,'work','411','387-2270'),(1859,643,'work','150','203-7396'),(1860,646,'work','938','694-7934'),(1861,647,'work','766','966-9973'),(1862,649,'work','703','877-6527'),(1863,652,'work','834','113-5525'),(1864,653,'work','170','455-9776'),(1865,654,'work','563','508-8755'),(1866,656,'work','430','813-1811'),(1867,657,'work','209','369-8056'),(1868,661,'work','546','277-4408'),(1869,662,'work','355','744-3975'),(1870,665,'work','322','293-5214'),(1871,667,'work','320','378-5745'),(1872,669,'work','718','992-5788'),(1873,670,'work','866','805-8565'),(1874,672,'work','555','601-6156'),(1875,677,'work','567','601-0882'),(1876,678,'work','871','803-3297'),(1877,679,'work','452','489-9350'),(1878,683,'work','650','980-1375'),(1879,684,'work','269','345-1175'),(1880,685,'work','134','548-9619'),(1881,686,'work','485','816-4440'),(1882,687,'work','363','899-7487'),(1883,691,'work','951','845-9890'),(1884,693,'work','407','368-1194'),(1885,694,'work','999','162-2933'),(1886,695,'work','579','234-7739'),(1887,696,'work','166','989-9371'),(1888,697,'work','609','821-9967'),(1889,698,'work','992','895-3755'),(1890,699,'work','852','989-9589'),(1891,701,'work','238','350-8604'),(1892,702,'work','149','682-6017'),(1893,703,'work','748','780-1052'),(1894,704,'work','206','596-6259'),(1895,705,'work','112','354-2818'),(1896,706,'work','591','884-2691'),(1897,707,'work','383','473-7913'),(1898,708,'work','254','973-0667'),(1899,709,'work','888','463-5289'),(1900,710,'work','609','798-6342'),(1901,711,'work','508','782-4142'),(1902,712,'work','889','840-9544'),(1903,713,'work','364','340-3725'),(1904,715,'work','141','935-9216'),(1905,718,'work','850','445-3974'),(1906,720,'work','430','815-8673'),(1907,721,'work','264','149-5605'),(1908,722,'work','792','811-0958'),(1909,725,'work','702','583-6644'),(1910,726,'work','826','706-0583'),(1911,731,'work','927','159-9833'),(1912,732,'work','423','737-5515'),(1913,734,'work','698','905-7989'),(1914,735,'work','907','792-5792'),(1915,736,'work','263','517-9014'),(1916,737,'work','544','772-2234'),(1917,738,'work','982','804-9481'),(1918,741,'work','222','428-0051'),(1919,742,'work','699','916-9933'),(1920,744,'work','827','866-4417'),(1921,747,'work','994','761-1526'),(1922,749,'work','212','358-8470'),(1923,754,'work','759','281-5716'),(1924,755,'work','406','714-5478'),(1925,756,'work','492','299-1126'),(1926,757,'work','846','610-1635'),(1927,760,'work','395','578-2184'),(1928,761,'work','807','169-3416'),(1929,762,'work','251','877-3283'),(1930,766,'work','687','121-2366'),(1931,767,'work','789','800-0107'),(1932,769,'work','409','916-7452'),(1933,770,'work','354','737-3709'),(1934,771,'work','714','577-1869'),(1935,773,'work','540','412-6074'),(1936,774,'work','262','977-6146'),(1937,775,'work','421','886-8330'),(1938,776,'work','463','169-1702'),(1939,778,'work','783','899-8456'),(1940,779,'work','523','274-3133'),(1941,780,'work','572','665-0771'),(1942,781,'work','365','888-2710'),(1943,783,'work','818','557-1124'),(1944,787,'work','665','560-9478'),(1945,788,'work','369','555-8732'),(1946,790,'work','102','140-8293'),(1947,791,'work','828','857-5737'),(1948,792,'work','630','816-6545'),(1949,793,'work','216','602-0444'),(1950,794,'work','284','300-9216'),(1951,795,'work','990','486-3670'),(1952,799,'work','188','429-2865'),(1953,800,'work','464','341-2474'),(1954,803,'work','652','464-7873'),(1955,805,'work','740','581-8838'),(1956,806,'work','820','202-1804'),(1957,807,'work','100','661-1518'),(1958,808,'work','890','116-9319'),(1959,811,'work','969','823-1176'),(1960,812,'work','846','361-8738'),(1961,813,'work','470','577-6907'),(1962,814,'work','335','655-4840'),(1963,815,'work','191','290-6834'),(1964,816,'work','955','687-6674'),(1965,817,'work','863','719-8150'),(1966,819,'work','379','625-9619'),(1967,820,'work','509','451-7131'),(1968,821,'work','184','262-2570'),(1969,822,'work','637','487-7892'),(1970,823,'work','519','765-8448'),(1971,824,'work','895','892-3925'),(1972,827,'work','924','787-8391'),(1973,831,'work','302','786-4295'),(1974,837,'work','883','823-1560'),(1975,840,'work','480','530-4680'),(1976,841,'work','859','693-9970'),(1977,843,'work','951','558-0099'),(1978,845,'work','287','784-2258'),(1979,847,'work','897','289-5995'),(1980,848,'work','762','226-6419'),(1981,850,'work','684','855-3678'),(1982,851,'work','850','336-0262'),(1983,852,'work','922','598-2752'),(1984,854,'work','619','377-1740'),(1985,856,'work','418','682-1742'),(1986,858,'work','487','475-9225'),(1987,861,'work','773','695-1138'),(1988,863,'work','100','551-9931'),(1989,864,'work','263','674-7139'),(1990,866,'work','599','262-3891'),(1991,868,'work','932','257-8479'),(1992,870,'work','198','627-3502'),(1993,872,'work','436','482-2868'),(1994,873,'work','877','819-5507'),(1995,874,'work','492','191-9580'),(1996,875,'work','768','153-5458'),(1997,876,'work','402','651-6655'),(1998,877,'work','975','151-3750'),(1999,878,'work','636','938-4380'),(2000,883,'work','828','479-2638'),(2001,884,'work','302','310-8598'),(2002,885,'work','729','642-5024'),(2003,886,'work','822','426-0682'),(2004,887,'work','151','802-2646'),(2005,888,'work','517','142-9744'),(2006,890,'work','115','182-5549'),(2007,891,'work','645','457-8243'),(2008,892,'work','131','163-9605'),(2009,893,'work','173','585-0760'),(2010,894,'work','513','968-5046'),(2011,895,'work','504','487-7687'),(2012,897,'work','331','105-2795'),(2013,898,'work','674','375-2354'),(2014,900,'work','492','203-2282'),(2015,901,'work','396','866-1865'),(2016,903,'work','543','781-5916'),(2017,904,'work','809','903-7313'),(2018,905,'work','569','408-9837'),(2019,907,'work','715','490-8705'),(2020,908,'work','172','459-3393'),(2021,909,'work','356','598-5553'),(2022,911,'work','764','862-4579'),(2023,912,'work','535','514-5330'),(2024,913,'work','873','232-3815'),(2025,914,'work','272','341-0221'),(2026,916,'work','618','961-1432'),(2027,917,'work','549','614-2514'),(2028,918,'work','408','209-2742'),(2029,919,'work','698','611-1794'),(2030,920,'work','925','543-3212'),(2031,921,'work','861','212-2774'),(2032,922,'work','153','217-3714'),(2033,924,'work','938','274-1169'),(2034,926,'work','649','293-4621'),(2035,927,'work','434','734-1027'),(2036,928,'work','880','638-9246'),(2037,929,'work','909','974-2259'),(2038,930,'work','154','610-1051'),(2039,931,'work','920','430-8576'),(2040,932,'work','793','596-0425'),(2041,933,'work','295','578-9581'),(2042,935,'work','789','266-0855'),(2043,938,'work','798','658-2702'),(2044,939,'work','291','495-6448'),(2045,941,'work','247','726-4817'),(2046,942,'work','725','925-0587'),(2047,943,'work','129','248-0082'),(2048,945,'work','726','948-9688'),(2049,947,'work','179','142-8780'),(2050,948,'work','521','631-5872'),(2051,949,'work','241','316-4084'),(2052,950,'work','654','930-0410'),(2053,951,'work','465','252-2566'),(2054,952,'work','476','284-6613'),(2055,953,'work','950','315-9532'),(2056,954,'work','978','140-2685'),(2057,955,'work','232','687-6979'),(2058,958,'work','624','669-3214'),(2059,959,'work','122','143-1477'),(2060,960,'work','751','605-6734'),(2061,961,'work','254','306-7137'),(2062,962,'work','612','765-5005'),(2063,963,'work','570','595-8540'),(2064,965,'work','117','459-2460'),(2065,967,'work','893','969-1217'),(2066,969,'work','772','392-5742'),(2067,971,'work','727','591-4194'),(2068,972,'work','474','611-4311'),(2069,973,'work','281','163-7057'),(2070,974,'work','513','590-6081'),(2071,975,'work','911','135-9814'),(2072,976,'work','725','849-3877'),(2073,977,'work','916','120-2308'),(2074,978,'work','680','399-1077'),(2075,979,'work','509','326-1544'),(2076,980,'work','885','458-7049'),(2077,981,'work','195','829-1027'),(2078,982,'work','153','854-4154'),(2079,984,'work','554','290-9935'),(2080,985,'work','935','280-2452'),(2081,987,'work','603','266-1070'),(2082,988,'work','998','707-5639'),(2083,991,'work','569','411-8436'),(2084,992,'work','914','785-8696'),(2085,994,'work','644','184-8850'),(2086,995,'work','929','545-6545'),(2087,996,'work','878','331-9664'),(2088,998,'work','266','423-8899'),(2089,999,'work','290','423-8165'),(2096,655,'home','472','957-6298'),(2097,655,'home','646','999-9999'),(2098,655,'home','363','999-9999'),(2115,1083,'cell','jhb','999-0000');
/*!40000 ALTER TABLE `phone` ENABLE KEYS */;
UNLOCK TABLES;
/*!40103 SET TIME_ZONE=@OLD_TIME_ZONE */;

/*!40101 SET SQL_MODE=@OLD_SQL_MODE */;
/*!40014 SET FOREIGN_KEY_CHECKS=@OLD_FOREIGN_KEY_CHECKS */;
/*!40014 SET UNIQUE_CHECKS=@OLD_UNIQUE_CHECKS */;
/*!40101 SET CHARACTER_SET_CLIENT=@OLD_CHARACTER_SET_CLIENT */;
/*!40101 SET CHARACTER_SET_RESULTS=@OLD_CHARACTER_SET_RESULTS */;
/*!40101 SET COLLATION_CONNECTION=@OLD_COLLATION_CONNECTION */;
/*!40111 SET SQL_NOTES=@OLD_SQL_NOTES */;

-- Dump completed on 2018-10-17 23:38:49
